municipality_code,city_name,town_name,full_address,postal_code,latitude,longitude,source,spatial_status,status_reason
24202,四日市市,相生町,四日市市 相生町,5100044,34.963176,136.632056,yokkaisi_MIE03_only.csv,VERIFIED,PASSED_ALL_CHECKS
24202,四日市市,青葉町,四日市市 青葉町,5100839,34.970670,136.581493,yokkaisi_MIE03_only.csv,VERIFIED,PASSED_ALL_CHECKS
24202,四日市市,あがたが丘一丁目,四日市市 あがたが丘一丁目,5121202,35.022263,136.570623,yokkaisi_MIE03_only.csv,VERIFIED,PASSED_ALL_CHECKS
24202,四日市市,あがたが丘二丁目,四日市市 あがたが丘二丁目,5121202,35.024293,136.569044,yokkaisi_MIE03_only.csv,VERIFIED,PASSED_ALL_CHECKS
24202,四日市市,あがたが丘三丁目,四日市市 あがたが丘三丁目,5121202,35.024863,136.566012,yokkaisi_MIE03_only.csv,VERIFIED,PASSED_ALL_CHECKS
24202,四日市市,あかつき台一丁目,四日市市 あかつき台一丁目,5128046,35.024245,136.598979,yokkaisi_MIE03_only.csv,VERIFIED,PASSED_ALL_CHECKS
24202,四日市市,あかつき台二丁目,四日市市 あかつき台二丁目,5128046,35.026783,136.599898,yokkaisi_MIE03_only.csv,VERIFIED,PASSED_ALL_CHECKS
24202,四日市市,あかつき台三丁目,四日市市 あかつき台三丁目,5128046,35.028594,136.597945,yokkaisi_MIE03_only.csv,VERIFIED,PASSED_ALL_CHECKS
24202,四日市市,あかつき台四丁目,四日市市 あかつき台四丁目,5128046,35.026573,136.603967,yokkaisi_MIE03_only.csv,VERIFIED,PASSED_ALL_CHECKS
24202,四日市市,あかつき台五丁目,四日市市 あかつき台五丁目,5128046,35.028200,136.594794,yokkaisi_MIE03_only.csv,VERIFIED,PASSED_ALL_CHECKS
24202,四日市市,あかつき台六丁目,四日市市 あかつき台六丁目,5128046,35.031694,136.596816,yokkaisi_MIE03_only.csv,VERIFIED,PASSED_ALL_CHECKS
24202,四日市市,赤堀一丁目,四日市市 赤堀一丁目,5100826,34.959446,136.612401,yokkaisi_MIE03_only.csv,VERIFIED,PASSED_ALL_CHECKS
24202,四日市市,赤堀二丁目,四日市市 赤堀二丁目,5100826,34.960895,136.609125,yokkaisi_MIE03_only.csv,VERIFIED,PASSED_ALL_CHECKS
24202,四日市市,赤堀三丁目,四日市市 赤堀三丁目,5100826,34.959294,136.606565,yokkaisi_MIE03_only.csv,VERIFIED,PASSED_ALL_CHECKS
24202,四日市市,赤堀新町,四日市市 赤堀新町,5100825,34.961841,136.611857,yokkaisi_MIE03_only.csv,VERIFIED,PASSED_ALL_CHECKS
24202,四日市市,赤堀南町,四日市市 赤堀南町,5100827,34.957159,136.610582,yokkaisi_MIE03_only.csv,VERIFIED,PASSED_ALL_CHECKS
24202,四日市市,阿倉川新町,四日市市 阿倉川新町,5100810,34.993827,136.620558,yokkaisi_MIE03_only.csv,VERIFIED,PASSED_ALL_CHECKS
24202,四日市市,阿倉川町,四日市市 阿倉川町,5100803,34.985361,136.627354,yokkaisi_MIE03_only.csv,VERIFIED,PASSED_ALL_CHECKS
24202,四日市市,曙一丁目,四日市市 曙一丁目,5100053,34.955028,136.624588,yokkaisi_MIE03_only.csv,VERIFIED,PASSED_ALL_CHECKS
24202,四日市市,曙二丁目,四日市市 曙二丁目,5100053,34.953083,136.622877,yokkaisi_MIE03_only.csv,VERIFIED,PASSED_ALL_CHECKS
24202,四日市市,曙町,四日市市 曙町,5100054,34.952200,136.626244,yokkaisi_MIE03_only.csv,VERIFIED,PASSED_ALL_CHECKS
24202,四日市市,赤水町,四日市市 赤水町,5121204,35.012161,136.556433,yokkaisi_MIE03_only.csv,VERIFIED,PASSED_ALL_CHECKS
24202,四日市市,あさけが丘一丁目,四日市市 あさけが丘一丁目,5128055,35.035271,136.580954,yokkaisi_MIE03_only.csv,VERIFIED,PASSED_ALL_CHECKS
24202,四日市市,あさけが丘二丁目,四日市市 あさけが丘二丁目,5128055,35.035163,136.577780,yokkaisi_MIE03_only.csv,VERIFIED,PASSED_ALL_CHECKS
24202,四日市市,あさけが丘三丁目,四日市市 あさけが丘三丁目,5128055,35.033027,136.576526,yokkaisi_MIE03_only.csv,VERIFIED,PASSED_ALL_CHECKS
24202,四日市市,朝明町,四日市市 朝明町,5128054,35.039500,136.586987,yokkaisi_MIE03_only.csv,VERIFIED,PASSED_ALL_CHECKS
24202,四日市市,朝日町,四日市市 朝日町,5100061,34.961308,136.627649,yokkaisi_MIE03_only.csv,VERIFIED,PASSED_ALL_CHECKS
24202,四日市市,雨池町,四日市市 雨池町,,34.946702,136.619168,yokkaisi_MIE03_only.csv,VERIFIED,PASSED_ALL_CHECKS
24202,四日市市,天カ須賀一丁目,四日市市 天カ須賀一丁目,5108001,35.008993,136.667472,yokkaisi_MIE03_only.csv,VERIFIED,PASSED_ALL_CHECKS
24202,四日市市,天カ須賀二丁目,四日市市 天カ須賀二丁目,5108001,35.010831,136.669131,yokkaisi_MIE03_only.csv,VERIFIED,PASSED_ALL_CHECKS
24202,四日市市,天カ須賀三丁目,四日市市 天カ須賀三丁目,5108001,35.012719,136.672038,yokkaisi_MIE03_only.csv,VERIFIED,PASSED_ALL_CHECKS
24202,四日市市,天カ須賀四丁目,四日市市 天カ須賀四丁目,5108001,35.015223,136.669823,yokkaisi_MIE03_only.csv,VERIFIED,PASSED_ALL_CHECKS
24202,四日市市,天カ須賀五丁目,四日市市 天カ須賀五丁目,5108001,35.013112,136.665453,yokkaisi_MIE03_only.csv,VERIFIED,PASSED_ALL_CHECKS
24202,四日市市,天カ須賀新町,四日市市 天カ須賀新町,5108002,35.006135,136.670159,yokkaisi_MIE03_only.csv,VERIFIED,PASSED_ALL_CHECKS
24202,四日市市,伊倉一丁目,四日市市 伊倉一丁目,5100832,34.972140,136.604709,yokkaisi_MIE03_only.csv,VERIFIED,PASSED_ALL_CHECKS
24202,四日市市,伊倉二丁目,四日市市 伊倉二丁目,5100832,34.973063,136.601268,yokkaisi_MIE03_only.csv,VERIFIED,PASSED_ALL_CHECKS
24202,四日市市,伊倉三丁目,四日市市 伊倉三丁目,5100832,34.974094,136.597368,yokkaisi_MIE03_only.csv,VERIFIED,PASSED_ALL_CHECKS
24202,四日市市,生桑町,四日市市 生桑町,5120911,34.983888,136.600019,yokkaisi_MIE03_only.csv,VERIFIED,PASSED_ALL_CHECKS
24202,四日市市,伊坂台一丁目,四日市市 伊坂台一丁目,5128066,35.042127,136.628816,yokkaisi_MIE03_only.csv,VERIFIED,PASSED_ALL_CHECKS
24202,四日市市,伊坂台二丁目,四日市市 伊坂台二丁目,5128066,35.041528,136.626285,yokkaisi_MIE03_only.csv,VERIFIED,PASSED_ALL_CHECKS
24202,四日市市,伊坂台三丁目,四日市市 伊坂台三丁目,5128066,35.044992,136.624580,yokkaisi_MIE03_only.csv,VERIFIED,PASSED_ALL_CHECKS
24202,四日市市,伊坂町,四日市市 伊坂町,5128064,35.039218,136.623960,yokkaisi_MIE03_only.csv,VERIFIED,PASSED_ALL_CHECKS
24202,四日市市,石塚町,四日市市 石塚町,5100828,34.961058,136.603220,yokkaisi_MIE03_only.csv,VERIFIED,PASSED_ALL_CHECKS
24202,四日市市,石原町,四日市市 石原町,5100842,34.939623,136.646383,yokkaisi_MIE03_only.csv,VERIFIED,PASSED_ALL_CHECKS
24202,四日市市,市場町,四日市市 市場町,5121302,35.058525,136.561189,yokkaisi_MIE03_only.csv,VERIFIED,PASSED_ALL_CHECKS
24202,四日市市,稲葉町,四日市市 稲葉町,5100041,34.963745,136.637957,yokkaisi_MIE03_only.csv,VERIFIED,PASSED_ALL_CHECKS
24202,四日市市,浮橋一丁目,四日市市 浮橋一丁目,5120931,34.969659,136.576891,yokkaisi_MIE03_only.csv,VERIFIED,PASSED_ALL_CHECKS
24202,四日市市,浮橋二丁目,四日市市 浮橋二丁目,5120931,34.969054,136.574665,yokkaisi_MIE03_only.csv,VERIFIED,PASSED_ALL_CHECKS
24202,四日市市,内山町,四日市市 内山町,5121101,34.963576,136.539577,yokkaisi_MIE03_only.csv,VERIFIED,PASSED_ALL_CHECKS
24202,四日市市,内堀町,四日市市 内堀町,5100872,34.922702,136.609517,yokkaisi_MIE03_only.csv,VERIFIED,PASSED_ALL_CHECKS
24202,四日市市,釆女が丘一丁目,四日市市 釆女が丘一丁目,5100953,34.918269,136.583718,yokkaisi_MIE03_only.csv,VERIFIED,PASSED_ALL_CHECKS
24202,四日市市,釆女が丘二丁目,四日市市 釆女が丘二丁目,5100953,34.915217,136.583721,yokkaisi_MIE03_only.csv,VERIFIED,PASSED_ALL_CHECKS
24202,四日市市,釆女が丘三丁目,四日市市 釆女が丘三丁目,5100953,34.915907,136.580448,yokkaisi_MIE03_only.csv,VERIFIED,PASSED_ALL_CHECKS
24202,四日市市,釆女が丘四丁目,四日市市 釆女が丘四丁目,5100953,34.913290,136.579390,yokkaisi_MIE03_only.csv,VERIFIED,PASSED_ALL_CHECKS
24202,四日市市,釆女が丘五丁目,四日市市 釆女が丘五丁目,5100953,34.912492,136.582054,yokkaisi_MIE03_only.csv,VERIFIED,PASSED_ALL_CHECKS
24202,四日市市,釆女町,四日市市 釆女町,5100954,34.922336,136.576323,yokkaisi_MIE03_only.csv,VERIFIED,PASSED_ALL_CHECKS
24202,四日市市,鵜の森一丁目,四日市市 鵜の森一丁目,5100074,34.965324,136.615538,yokkaisi_MIE03_only.csv,VERIFIED,PASSED_ALL_CHECKS
24202,四日市市,鵜の森二丁目,四日市市 鵜の森二丁目,5100074,34.967157,136.611569,yokkaisi_MIE03_only.csv,VERIFIED,PASSED_ALL_CHECKS
24202,四日市市,午起一丁目,四日市市 午起一丁目,5100023,34.970359,136.637868,yokkaisi_MIE03_only.csv,VERIFIED,PASSED_ALL_CHECKS
24202,四日市市,午起二丁目,四日市市 午起二丁目,5100023,34.973735,136.639503,yokkaisi_MIE03_only.csv,VERIFIED,PASSED_ALL_CHECKS
24202,四日市市,午起三丁目,四日市市 午起三丁目,5100023,34.974116,136.642048,yokkaisi_MIE03_only.csv,VERIFIED,PASSED_ALL_CHECKS
24202,四日市市,江村町,四日市市 江村町,5121206,35.008886,136.545908,yokkaisi_MIE03_only.csv,VERIFIED,PASSED_ALL_CHECKS
24202,四日市市,大字末永,四日市市 大字末永,5100813,34.983714,136.611627,yokkaisi_MIE03_only.csv,VERIFIED,PASSED_ALL_CHECKS
24202,四日市市,大字泊村,四日市市 大字泊村,5100894,34.940582,136.587242,yokkaisi_MIE03_only.csv,VERIFIED,PASSED_ALL_CHECKS
24202,四日市市,大字西阿倉川,四日市市 大字西阿倉川,5100812,34.989249,136.617521,yokkaisi_MIE03_only.csv,VERIFIED,PASSED_ALL_CHECKS
24202,四日市市,大字羽津,四日市市 大字羽津,5100012,35.004201,136.630930,yokkaisi_MIE03_only.csv,VERIFIED,PASSED_ALL_CHECKS
24202,四日市市,大字東阿倉川,四日市市 大字東阿倉川,5100805,34.986485,136.623177,yokkaisi_MIE03_only.csv,VERIFIED,PASSED_ALL_CHECKS
24202,四日市市,大字松本,四日市市 大字松本,5100836,34.965109,136.582030,yokkaisi_MIE03_only.csv,VERIFIED,PASSED_ALL_CHECKS
24202,四日市市,大字茂福,四日市市 大字茂福,5108027,35.007733,136.639534,yokkaisi_MIE03_only.csv,VERIFIED,PASSED_ALL_CHECKS
24202,四日市市,大池町,四日市市 大池町,5100866,34.935300,136.617170,yokkaisi_MIE03_only.csv,VERIFIED,PASSED_ALL_CHECKS
24202,四日市市,大井手一丁目,四日市市 大井手一丁目,5100835,34.970999,136.593119,yokkaisi_MIE03_only.csv,VERIFIED,PASSED_ALL_CHECKS
24202,四日市市,大井手二丁目,四日市市 大井手二丁目,5100835,34.973582,136.593861,yokkaisi_MIE03_only.csv,VERIFIED,PASSED_ALL_CHECKS
24202,四日市市,大井手三丁目,四日市市 大井手三丁目,5100835,34.972835,136.589479,yokkaisi_MIE03_only.csv,VERIFIED,PASSED_ALL_CHECKS
24202,四日市市,大井の川町一丁目,四日市市 大井の川町一丁目,5100846,34.949335,136.624199,yokkaisi_MIE03_only.csv,VERIFIED,PASSED_ALL_CHECKS
24202,四日市市,大井の川町二丁目,四日市市 大井の川町二丁目,5100846,34.947454,136.623589,yokkaisi_MIE03_only.csv,VERIFIED,PASSED_ALL_CHECKS
24202,四日市市,大井の川町三丁目,四日市市 大井の川町三丁目,5100846,34.945941,136.623695,yokkaisi_MIE03_only.csv,VERIFIED,PASSED_ALL_CHECKS
24202,四日市市,大鐘町,四日市市 大鐘町,5128053,35.038002,136.606464,yokkaisi_MIE03_only.csv,VERIFIED,PASSED_ALL_CHECKS
24202,四日市市,大谷台一丁目,四日市市 大谷台一丁目,5120901,34.999678,136.614669,yokkaisi_MIE03_only.csv,VERIFIED,PASSED_ALL_CHECKS
24202,四日市市,大谷台二丁目,四日市市 大谷台二丁目,5120901,35.000367,136.612216,yokkaisi_MIE03_only.csv,VERIFIED,PASSED_ALL_CHECKS
24202,四日市市,大浜町,四日市市 大浜町,5100847,34.947028,136.626672,yokkaisi_MIE03_only.csv,VERIFIED,PASSED_ALL_CHECKS
24202,四日市市,大宮町,四日市市 大宮町,5100003,34.990979,136.630545,yokkaisi_MIE03_only.csv,VERIFIED,PASSED_ALL_CHECKS
24202,四日市市,大宮西町,四日市市 大宮西町,5100004,34.992669,136.628266,yokkaisi_MIE03_only.csv,VERIFIED,PASSED_ALL_CHECKS
24202,四日市市,大矢知新町,四日市市 大矢知新町,5108039,35.023116,136.627973,yokkaisi_MIE03_only.csv,VERIFIED,PASSED_ALL_CHECKS
24202,四日市市,大矢知町,四日市市 大矢知町,5108034,35.017252,136.631216,yokkaisi_MIE03_only.csv,VERIFIED,PASSED_ALL_CHECKS
24202,四日市市,沖の島町,四日市市 沖の島町,5100083,34.965946,136.627432,yokkaisi_MIE03_only.csv,VERIFIED,PASSED_ALL_CHECKS
24202,四日市市,小古曽一丁目,四日市市 小古曽一丁目,5100958,34.932417,136.594456,yokkaisi_MIE03_only.csv,VERIFIED,PASSED_ALL_CHECKS
24202,四日市市,小古曽二丁目,四日市市 小古曽二丁目,5100958,34.929647,136.591333,yokkaisi_MIE03_only.csv,VERIFIED,PASSED_ALL_CHECKS
24202,四日市市,小古曽三丁目,四日市市 小古曽三丁目,5100958,34.925860,136.588108,yokkaisi_MIE03_only.csv,VERIFIED,PASSED_ALL_CHECKS
24202,四日市市,小古曽四丁目,四日市市 小古曽四丁目,5100958,34.933980,136.590767,yokkaisi_MIE03_only.csv,VERIFIED,PASSED_ALL_CHECKS
24202,四日市市,小古曽五丁目,四日市市 小古曽五丁目,5100958,34.932078,136.588276,yokkaisi_MIE03_only.csv,VERIFIED,PASSED_ALL_CHECKS
24202,四日市市,小古曽六丁目,四日市市 小古曽六丁目,5100958,34.928345,136.586822,yokkaisi_MIE03_only.csv,VERIFIED,PASSED_ALL_CHECKS
24202,四日市市,小古曽町,四日市市 小古曽町,5100952,34.918739,136.590545,yokkaisi_MIE03_only.csv,VERIFIED,PASSED_ALL_CHECKS
24202,四日市市,小古曽東一丁目,四日市市 小古曽東一丁目,5100951,34.930691,136.596634,yokkaisi_MIE03_only.csv,VERIFIED,PASSED_ALL_CHECKS
24202,四日市市,小古曽東二丁目,四日市市 小古曽東二丁目,5100951,34.924290,136.594250,yokkaisi_MIE03_only.csv,VERIFIED,PASSED_ALL_CHECKS
24202,四日市市,小古曽東三丁目,四日市市 小古曽東三丁目,5100951,34.924007,136.587984,yokkaisi_MIE03_only.csv,VERIFIED,PASSED_ALL_CHECKS
24202,四日市市,尾上町,四日市市 尾上町,5100059,34.960205,136.633996,yokkaisi_MIE03_only.csv,VERIFIED,PASSED_ALL_CHECKS
24202,四日市市,尾平町,四日市市 尾平町,5120921,34.978475,136.588807,yokkaisi_MIE03_only.csv,VERIFIED,PASSED_ALL_CHECKS
24202,四日市市,小山町,四日市市 小山町,5121102,34.966058,136.525597,yokkaisi_MIE03_only.csv,VERIFIED,PASSED_ALL_CHECKS
24202,四日市市,貝塚町,四日市市 貝塚町,5100873,34.916191,136.612988,yokkaisi_MIE03_only.csv,VERIFIED,PASSED_ALL_CHECKS
24202,四日市市,霞一丁目,四日市市 霞一丁目,5100011,34.982938,136.661619,yokkaisi_MIE03_only.csv,VERIFIED,PASSED_ALL_CHECKS
24202,四日市市,霞二丁目,四日市市 霞二丁目,5100011,34.992468,136.658972,yokkaisi_MIE03_only.csv,VERIFIED,PASSED_ALL_CHECKS
24202,四日市市,金場町,四日市市 金場町,5100014,34.984570,136.634404,yokkaisi_MIE03_only.csv,VERIFIED,PASSED_ALL_CHECKS
24202,四日市市,上海老町,四日市市 上海老町,5121201,35.025615,136.559364,yokkaisi_MIE03_only.csv,VERIFIED,PASSED_ALL_CHECKS
24202,四日市市,萱生町,四日市市 萱生町,5128045,35.022288,136.603507,yokkaisi_MIE03_only.csv,VERIFIED,PASSED_ALL_CHECKS
24202,四日市市,川合町,四日市市 川合町,5100853,34.927907,136.625735,yokkaisi_MIE03_only.csv,VERIFIED,PASSED_ALL_CHECKS
24202,四日市市,川北一丁目,四日市市 川北一丁目,5108031,35.020503,136.647430,yokkaisi_MIE03_only.csv,VERIFIED,PASSED_ALL_CHECKS
24202,四日市市,川北二丁目,四日市市 川北二丁目,5108031,35.023567,136.648753,yokkaisi_MIE03_only.csv,VERIFIED,PASSED_ALL_CHECKS
24202,四日市市,川北三丁目,四日市市 川北三丁目,5108031,35.024222,136.644271,yokkaisi_MIE03_only.csv,VERIFIED,PASSED_ALL_CHECKS
24202,四日市市,川北町,四日市市 川北町,5108032,35.026895,136.650054,yokkaisi_MIE03_only.csv,VERIFIED,PASSED_ALL_CHECKS
24202,四日市市,川島新町,四日市市 川島新町,5120935,34.976266,136.559457,yokkaisi_MIE03_only.csv,VERIFIED,PASSED_ALL_CHECKS
24202,四日市市,川島町,四日市市 川島町,5120934,34.968713,136.549944,yokkaisi_MIE03_only.csv,VERIFIED,PASSED_ALL_CHECKS
24202,四日市市,川尻町,四日市市 川尻町,5100871,34.928929,136.608099,yokkaisi_MIE03_only.csv,VERIFIED,PASSED_ALL_CHECKS
24202,四日市市,川原町,四日市市 川原町,5100033,34.974515,136.628446,yokkaisi_MIE03_only.csv,VERIFIED,PASSED_ALL_CHECKS
24202,四日市市,北小松町,四日市市 北小松町,5100955,34.928639,136.553744,yokkaisi_MIE03_only.csv,VERIFIED,PASSED_ALL_CHECKS
24202,四日市市,北納屋町,四日市市 北納屋町,5100047,34.966162,136.637415,yokkaisi_MIE03_only.csv,VERIFIED,PASSED_ALL_CHECKS
24202,四日市市,北野町,四日市市 北野町,5121208,35.014836,136.543726,yokkaisi_MIE03_only.csv,VERIFIED,PASSED_ALL_CHECKS
24202,四日市市,北浜田町,四日市市 北浜田町,5100062,34.961531,136.623006,yokkaisi_MIE03_only.csv,VERIFIED,PASSED_ALL_CHECKS
24202,四日市市,北浜町,四日市市 北浜町,5100091,34.969033,136.633430,yokkaisi_MIE03_only.csv,VERIFIED,PASSED_ALL_CHECKS
24202,四日市市,北町,四日市市 北町,5100081,34.971490,136.626834,yokkaisi_MIE03_only.csv,VERIFIED,PASSED_ALL_CHECKS
24202,四日市市,北山町,四日市市 北山町,5128051,35.042877,136.589153,yokkaisi_MIE03_only.csv,VERIFIED,PASSED_ALL_CHECKS
24202,四日市市,京町,四日市市 京町,5100032,34.976382,136.630548,yokkaisi_MIE03_only.csv,VERIFIED,PASSED_ALL_CHECKS
24202,四日市市,九の城町,四日市市 九の城町,5100072,34.963820,136.614473,yokkaisi_MIE03_only.csv,VERIFIED,PASSED_ALL_CHECKS
24202,四日市市,久保田一丁目,四日市市 久保田一丁目,5100821,34.973391,136.608248,yokkaisi_MIE03_only.csv,VERIFIED,PASSED_ALL_CHECKS
24202,四日市市,久保田二丁目,四日市市 久保田二丁目,5100821,34.974873,136.609967,yokkaisi_MIE03_only.csv,VERIFIED,PASSED_ALL_CHECKS
24202,四日市市,蔵町,四日市市 蔵町,5100045,34.965371,136.633060,yokkaisi_MIE03_only.csv,VERIFIED,PASSED_ALL_CHECKS
24202,四日市市,黒田町,四日市市 黒田町,5121207,35.012701,136.538347,yokkaisi_MIE03_only.csv,VERIFIED,PASSED_ALL_CHECKS
24202,四日市市,黄金町,四日市市 黄金町,5128062,35.027284,136.637441,yokkaisi_MIE03_only.csv,VERIFIED,PASSED_ALL_CHECKS
24202,四日市市,小杉新町,四日市市 小杉新町,5120903,34.998992,136.608182,yokkaisi_MIE03_only.csv,VERIFIED,PASSED_ALL_CHECKS
24202,四日市市,小杉町,四日市市 小杉町,5120902,34.991040,136.607757,yokkaisi_MIE03_only.csv,VERIFIED,PASSED_ALL_CHECKS
24202,四日市市,寿町,四日市市 寿町,5100055,34.951669,136.622173,yokkaisi_MIE03_only.csv,VERIFIED,PASSED_ALL_CHECKS
24202,四日市市,小浜町,四日市市 小浜町,5100865,34.933475,136.616896,yokkaisi_MIE03_only.csv,VERIFIED,PASSED_ALL_CHECKS
24202,四日市市,小牧町,四日市市 小牧町,5121303,35.044574,136.572093,yokkaisi_MIE03_only.csv,VERIFIED,PASSED_ALL_CHECKS
24202,四日市市,小生町,四日市市 小生町,5120932,34.975133,136.577287,yokkaisi_MIE03_only.csv,VERIFIED,PASSED_ALL_CHECKS
24202,四日市市,幸町,四日市市 幸町,5100069,34.962196,136.625387,yokkaisi_MIE03_only.csv,VERIFIED,PASSED_ALL_CHECKS
24202,四日市市,栄町,四日市市 栄町,5100084,34.964228,136.627017,yokkaisi_MIE03_only.csv,VERIFIED,PASSED_ALL_CHECKS
24202,四日市市,札場町,四日市市 札場町,5128056,35.037121,136.573298,yokkaisi_MIE03_only.csv,VERIFIED,PASSED_ALL_CHECKS
24202,四日市市,三郎町,四日市市 三郎町,5100021,34.974751,136.646747,yokkaisi_MIE03_only.csv,VERIFIED,PASSED_ALL_CHECKS
24202,四日市市,三栄町,四日市市 三栄町,5100068,34.963636,136.623588,yokkaisi_MIE03_only.csv,VERIFIED,PASSED_ALL_CHECKS
24202,四日市市,鹿間町,四日市市 鹿間町,5121113,34.930330,136.533362,yokkaisi_MIE03_only.csv,VERIFIED,PASSED_ALL_CHECKS
24202,四日市市,芝田一丁目,四日市市 芝田一丁目,5100822,34.969090,136.607809,yokkaisi_MIE03_only.csv,VERIFIED,PASSED_ALL_CHECKS
24202,四日市市,芝田二丁目,四日市市 芝田二丁目,5100822,34.971313,136.608197,yokkaisi_MIE03_only.csv,VERIFIED,PASSED_ALL_CHECKS
24202,四日市市,清水町,四日市市 清水町,5100814,34.981265,136.614911,yokkaisi_MIE03_only.csv,VERIFIED,PASSED_ALL_CHECKS
24202,四日市市,下海老町,四日市市 下海老町,5121203,35.016077,136.574677,yokkaisi_MIE03_only.csv,VERIFIED,PASSED_ALL_CHECKS
24202,四日市市,下さざらい町,四日市市 下さざらい町,5108033,35.019763,136.642652,yokkaisi_MIE03_only.csv,VERIFIED,PASSED_ALL_CHECKS
24202,四日市市,下之宮町,四日市市 下之宮町,5108028,35.015406,136.641342,yokkaisi_MIE03_only.csv,VERIFIED,PASSED_ALL_CHECKS
24202,四日市市,十七軒町,四日市市 十七軒町,5100063,34.959013,136.623616,yokkaisi_MIE03_only.csv,VERIFIED,PASSED_ALL_CHECKS
24202,四日市市,十志町,四日市市 十志町,5108026,35.011550,136.644763,yokkaisi_MIE03_only.csv,VERIFIED,PASSED_ALL_CHECKS
24202,四日市市,昌栄町,四日市市 昌栄町,5100057,34.958103,136.628292,yokkaisi_MIE03_only.csv,VERIFIED,PASSED_ALL_CHECKS
24202,四日市市,松泉町,四日市市 松泉町,5100867,34.937946,136.617542,yokkaisi_MIE03_only.csv,VERIFIED,PASSED_ALL_CHECKS
24202,四日市市,白須賀一丁目,四日市市 白須賀一丁目,5100018,34.989988,136.643178,yokkaisi_MIE03_only.csv,VERIFIED,PASSED_ALL_CHECKS
24202,四日市市,白須賀二丁目,四日市市 白須賀二丁目,5100018,34.992234,136.645169,yokkaisi_MIE03_only.csv,VERIFIED,PASSED_ALL_CHECKS
24202,四日市市,白須賀三丁目,四日市市 白須賀三丁目,5100018,34.994788,136.646722,yokkaisi_MIE03_only.csv,VERIFIED,PASSED_ALL_CHECKS
24202,四日市市,城北町,四日市市 城北町,5100823,34.965311,136.610540,yokkaisi_MIE03_only.csv,VERIFIED,PASSED_ALL_CHECKS
24202,四日市市,城西町,四日市市 城西町,5100829,34.964846,136.603564,yokkaisi_MIE03_only.csv,VERIFIED,PASSED_ALL_CHECKS
24202,四日市市,城東町,四日市市 城東町,5100824,34.963451,136.609269,yokkaisi_MIE03_only.csv,VERIFIED,PASSED_ALL_CHECKS
24202,四日市市,城山町,四日市市 城山町,5100015,34.986202,136.632290,yokkaisi_MIE03_only.csv,VERIFIED,PASSED_ALL_CHECKS
24202,四日市市,新正一丁目,四日市市 新正一丁目,5100064,34.959005,136.616075,yokkaisi_MIE03_only.csv,VERIFIED,PASSED_ALL_CHECKS
24202,四日市市,新正二丁目,四日市市 新正二丁目,5100064,34.958061,136.619433,yokkaisi_MIE03_only.csv,VERIFIED,PASSED_ALL_CHECKS
24202,四日市市,新正三丁目,四日市市 新正三丁目,5100064,34.955854,136.622466,yokkaisi_MIE03_only.csv,VERIFIED,PASSED_ALL_CHECKS
24202,四日市市,新正四丁目,四日市市 新正四丁目,5100064,34.955107,136.616375,yokkaisi_MIE03_only.csv,VERIFIED,PASSED_ALL_CHECKS
24202,四日市市,新正五丁目,四日市市 新正五丁目,5100064,34.956414,136.613911,yokkaisi_MIE03_only.csv,VERIFIED,PASSED_ALL_CHECKS
24202,四日市市,新々町,四日市市 新々町,5100094,34.966710,136.629766,yokkaisi_MIE03_only.csv,VERIFIED,PASSED_ALL_CHECKS
24202,四日市市,新町,四日市市 新町,5100092,34.966273,136.631012,yokkaisi_MIE03_only.csv,VERIFIED,PASSED_ALL_CHECKS
24202,四日市市,新浜町,四日市市 新浜町,5100024,34.972303,136.634154,yokkaisi_MIE03_only.csv,VERIFIED,PASSED_ALL_CHECKS
24202,四日市市,末広町,四日市市 末広町,5100052,34.953764,136.630737,yokkaisi_MIE03_only.csv,VERIFIED,PASSED_ALL_CHECKS
24202,四日市市,菅原町,四日市市 菅原町,5120925,34.994600,136.555705,yokkaisi_MIE03_only.csv,VERIFIED,PASSED_ALL_CHECKS
24202,四日市市,住吉町,四日市市 住吉町,5108003,35.009726,136.664645,yokkaisi_MIE03_only.csv,VERIFIED,PASSED_ALL_CHECKS
24202,四日市市,諏訪栄町,四日市市 諏訪栄町,5100086,34.967147,136.620986,yokkaisi_MIE03_only.csv,VERIFIED,PASSED_ALL_CHECKS
24202,四日市市,諏訪町,四日市市 諏訪町,5100085,34.965813,136.624235,yokkaisi_MIE03_only.csv,VERIFIED,PASSED_ALL_CHECKS
24202,四日市市,曽井町,四日市市 曽井町,5120922,34.986929,136.575427,yokkaisi_MIE03_only.csv,VERIFIED,PASSED_ALL_CHECKS
24202,四日市市,大協町一丁目,四日市市 大協町一丁目,5100022,34.962192,136.643247,yokkaisi_MIE03_only.csv,VERIFIED,PASSED_ALL_CHECKS
24202,四日市市,大協町二丁目,四日市市 大協町二丁目,5100022,34.968134,136.642872,yokkaisi_MIE03_only.csv,VERIFIED,PASSED_ALL_CHECKS
24202,四日市市,平町,四日市市 平町,5108017,35.013619,136.656734,yokkaisi_MIE03_only.csv,VERIFIED,PASSED_ALL_CHECKS
24202,四日市市,高旭町,四日市市 高旭町,5100857,34.935881,136.625632,yokkaisi_MIE03_only.csv,VERIFIED,PASSED_ALL_CHECKS
24202,四日市市,高砂町,四日市市 高砂町,5100042,34.961751,136.636540,yokkaisi_MIE03_only.csv,VERIFIED,PASSED_ALL_CHECKS
24202,四日市市,高花平一丁目,四日市市 高花平一丁目,5100945,34.956546,136.552136,yokkaisi_MIE03_only.csv,VERIFIED,PASSED_ALL_CHECKS
24202,四日市市,高花平二丁目,四日市市 高花平二丁目,5100945,34.954028,136.553084,yokkaisi_MIE03_only.csv,VERIFIED,PASSED_ALL_CHECKS
24202,四日市市,高花平三丁目,四日市市 高花平三丁目,5100945,34.954000,136.550067,yokkaisi_MIE03_only.csv,VERIFIED,PASSED_ALL_CHECKS
24202,四日市市,高花平四丁目,四日市市 高花平四丁目,5100945,34.951516,136.551123,yokkaisi_MIE03_only.csv,VERIFIED,PASSED_ALL_CHECKS
24202,四日市市,高花平五丁目,四日市市 高花平五丁目,5100945,34.951716,136.553986,yokkaisi_MIE03_only.csv,VERIFIED,PASSED_ALL_CHECKS
24202,四日市市,高浜新町,四日市市 高浜新町,5100027,34.976827,136.641005,yokkaisi_MIE03_only.csv,VERIFIED,PASSED_ALL_CHECKS
24202,四日市市,高浜町,四日市市 高浜町,5100026,34.977706,136.637276,yokkaisi_MIE03_only.csv,VERIFIED,PASSED_ALL_CHECKS
24202,四日市市,高見台一丁目,四日市市 高見台一丁目,5121301,35.060818,136.562542,yokkaisi_MIE03_only.csv,VERIFIED,PASSED_ALL_CHECKS
24202,四日市市,高見台二丁目,四日市市 高見台二丁目,5121301,35.062928,136.560580,yokkaisi_MIE03_only.csv,VERIFIED,PASSED_ALL_CHECKS
24202,四日市市,宝町,四日市市 宝町,5100844,34.937298,136.620176,yokkaisi_MIE03_only.csv,VERIFIED,PASSED_ALL_CHECKS
24202,四日市市,垂坂新町,四日市市 垂坂新町,5108038,35.002824,136.609426,yokkaisi_MIE03_only.csv,VERIFIED,PASSED_ALL_CHECKS
24202,四日市市,垂坂町,四日市市 垂坂町,5108037,35.008097,136.614816,yokkaisi_MIE03_only.csv,VERIFIED,PASSED_ALL_CHECKS
24202,四日市市,千歳町,四日市市 千歳町,5100051,34.954598,136.635694,yokkaisi_MIE03_only.csv,VERIFIED,PASSED_ALL_CHECKS
24202,四日市市,中部,四日市市 中部,5100082,34.968674,136.625570,yokkaisi_MIE03_only.csv,VERIFIED,PASSED_ALL_CHECKS
24202,四日市市,千代田町,四日市市 千代田町,5128065,35.031613,136.620504,yokkaisi_MIE03_only.csv,VERIFIED,PASSED_ALL_CHECKS
24202,四日市市,寺方町,四日市市 寺方町,5120924,34.993087,136.564505,yokkaisi_MIE03_only.csv,VERIFIED,PASSED_ALL_CHECKS
24202,四日市市,堂ケ山町,四日市市 堂ケ山町,5121115,34.951636,136.508563,yokkaisi_MIE03_only.csv,VERIFIED,PASSED_ALL_CHECKS
24202,四日市市,東新町,四日市市 東新町,5100025,34.974783,136.635148,yokkaisi_MIE03_only.csv,VERIFIED,PASSED_ALL_CHECKS
24202,四日市市,東邦町,四日市市 東邦町,5100848,34.944493,136.630591,yokkaisi_MIE03_only.csv,VERIFIED,PASSED_ALL_CHECKS
24202,四日市市,ときわ一丁目,四日市市 ときわ一丁目,5100834,34.966984,136.598381,yokkaisi_MIE03_only.csv,VERIFIED,PASSED_ALL_CHECKS
24202,四日市市,ときわ二丁目,四日市市 ときわ二丁目,5100834,34.968299,136.595575,yokkaisi_MIE03_only.csv,VERIFIED,PASSED_ALL_CHECKS
24202,四日市市,ときわ三丁目,四日市市 ときわ三丁目,5100834,34.964174,136.593612,yokkaisi_MIE03_only.csv,VERIFIED,PASSED_ALL_CHECKS
24202,四日市市,ときわ四丁目,四日市市 ときわ四丁目,5100834,34.963293,136.596339,yokkaisi_MIE03_only.csv,VERIFIED,PASSED_ALL_CHECKS
24202,四日市市,ときわ五丁目,四日市市 ときわ五丁目,5100834,34.962213,136.599473,yokkaisi_MIE03_only.csv,VERIFIED,PASSED_ALL_CHECKS
24202,四日市市,泊小柳町,四日市市 泊小柳町,5100883,34.937527,136.602934,yokkaisi_MIE03_only.csv,VERIFIED,PASSED_ALL_CHECKS
24202,四日市市,泊町,四日市市 泊町,5100884,34.939336,136.599258,yokkaisi_MIE03_only.csv,VERIFIED,PASSED_ALL_CHECKS
24202,四日市市,泊山崎町,四日市市 泊山崎町,5100892,34.940877,136.595954,yokkaisi_MIE03_only.csv,VERIFIED,PASSED_ALL_CHECKS
24202,四日市市,富州原町,四日市市 富州原町,5108016,35.009382,136.658793,yokkaisi_MIE03_only.csv,VERIFIED,PASSED_ALL_CHECKS
24202,四日市市,富田一丁目,四日市市 富田一丁目,5108014,35.004636,136.650954,yokkaisi_MIE03_only.csv,VERIFIED,PASSED_ALL_CHECKS
24202,四日市市,富田二丁目,四日市市 富田二丁目,5108014,35.005321,136.655354,yokkaisi_MIE03_only.csv,VERIFIED,PASSED_ALL_CHECKS
24202,四日市市,富田三丁目,四日市市 富田三丁目,5108014,35.008079,136.652029,yokkaisi_MIE03_only.csv,VERIFIED,PASSED_ALL_CHECKS
24202,四日市市,富田四丁目,四日市市 富田四丁目,5108014,35.008629,136.648856,yokkaisi_MIE03_only.csv,VERIFIED,PASSED_ALL_CHECKS
24202,四日市市,富田一色町,四日市市 富田一色町,5108004,35.006568,136.662842,yokkaisi_MIE03_only.csv,VERIFIED,PASSED_ALL_CHECKS
24202,四日市市,富田栄町,四日市市 富田栄町,5108025,35.010022,136.646737,yokkaisi_MIE03_only.csv,VERIFIED,PASSED_ALL_CHECKS
24202,四日市市,富田浜町,四日市市 富田浜町,5108008,34.996462,136.651504,yokkaisi_MIE03_only.csv,VERIFIED,PASSED_ALL_CHECKS
24202,四日市市,富田浜元町,四日市市 富田浜元町,5108007,35.000146,136.653622,yokkaisi_MIE03_only.csv,VERIFIED,PASSED_ALL_CHECKS
24202,四日市市,中川原一丁目,四日市市 中川原一丁目,5100833,34.967124,136.604700,yokkaisi_MIE03_only.csv,VERIFIED,PASSED_ALL_CHECKS
24202,四日市市,中川原二丁目,四日市市 中川原二丁目,5100833,34.969754,136.603493,yokkaisi_MIE03_only.csv,VERIFIED,PASSED_ALL_CHECKS
24202,四日市市,中川原三丁目,四日市市 中川原三丁目,5100833,34.970200,136.600791,yokkaisi_MIE03_only.csv,VERIFIED,PASSED_ALL_CHECKS
24202,四日市市,中川原四丁目,四日市市 中川原四丁目,5100833,34.971084,136.597519,yokkaisi_MIE03_only.csv,VERIFIED,PASSED_ALL_CHECKS
24202,四日市市,中里町,四日市市 中里町,5100864,34.931053,136.617037,yokkaisi_MIE03_only.csv,VERIFIED,PASSED_ALL_CHECKS
24202,四日市市,中納屋町,四日市市 中納屋町,5100048,34.964253,136.634915,yokkaisi_MIE03_only.csv,VERIFIED,PASSED_ALL_CHECKS
24202,四日市市,中野町,四日市市 中野町,5121304,35.043992,136.560243,yokkaisi_MIE03_only.csv,VERIFIED,PASSED_ALL_CHECKS
24202,四日市市,中浜田町,四日市市 中浜田町,5100065,34.961928,136.618860,yokkaisi_MIE03_only.csv,VERIFIED,PASSED_ALL_CHECKS
24202,四日市市,中町,四日市市 中町,5100096,34.969153,136.629331,yokkaisi_MIE03_only.csv,VERIFIED,PASSED_ALL_CHECKS
24202,四日市市,中村町,四日市市 中村町,5128044,35.026525,136.610062,yokkaisi_MIE03_only.csv,VERIFIED,PASSED_ALL_CHECKS
24202,四日市市,七つ屋町,四日市市 七つ屋町,5100856,34.937678,136.625533,yokkaisi_MIE03_only.csv,VERIFIED,PASSED_ALL_CHECKS
24202,四日市市,西伊倉町,四日市市 西伊倉町,5100831,34.975109,136.600950,yokkaisi_MIE03_only.csv,VERIFIED,PASSED_ALL_CHECKS
24202,四日市市,西浦一丁目,四日市市 西浦一丁目,5100071,34.969917,136.617213,yokkaisi_MIE03_only.csv,VERIFIED,PASSED_ALL_CHECKS
24202,四日市市,西浦二丁目,四日市市 西浦二丁目,5100071,34.972988,136.618679,yokkaisi_MIE03_only.csv,VERIFIED,PASSED_ALL_CHECKS
24202,四日市市,西大鐘町,四日市市 西大鐘町,5128052,35.043313,136.602125,yokkaisi_MIE03_only.csv,VERIFIED,PASSED_ALL_CHECKS
24202,四日市市,西新地,四日市市 西新地,5100087,34.969737,136.621613,yokkaisi_MIE03_only.csv,VERIFIED,PASSED_ALL_CHECKS
24202,四日市市,西末広町,四日市市 西末広町,5100058,34.960003,136.630734,yokkaisi_MIE03_only.csv,VERIFIED,PASSED_ALL_CHECKS
24202,四日市市,西富田二丁目,四日市市 西富田二丁目,5108023,35.014132,136.652037,yokkaisi_MIE03_only.csv,VERIFIED,PASSED_ALL_CHECKS
24202,四日市市,西富田三丁目,四日市市 西富田三丁目,5108023,35.017164,136.646262,yokkaisi_MIE03_only.csv,VERIFIED,PASSED_ALL_CHECKS
24202,四日市市,西富田町,四日市市 西富田町,5108024,35.013600,136.646724,yokkaisi_MIE03_only.csv,VERIFIED,PASSED_ALL_CHECKS
24202,四日市市,西浜田町,四日市市 西浜田町,5100073,34.962661,136.613816,yokkaisi_MIE03_only.csv,VERIFIED,PASSED_ALL_CHECKS
24202,四日市市,西日野町,四日市市 西日野町,5100943,34.953326,136.587007,yokkaisi_MIE03_only.csv,VERIFIED,PASSED_ALL_CHECKS
24202,四日市市,西町,四日市市 西町,5100089,34.972235,136.622504,yokkaisi_MIE03_only.csv,VERIFIED,PASSED_ALL_CHECKS
24202,四日市市,西松本町,四日市市 西松本町,5100837,34.969500,136.584530,yokkaisi_MIE03_only.csv,VERIFIED,PASSED_ALL_CHECKS
24202,四日市市,西村町,四日市市 西村町,5121305,35.054045,136.554585,yokkaisi_MIE03_only.csv,VERIFIED,PASSED_ALL_CHECKS
24202,四日市市,西山町,四日市市 西山町,5121103,34.962854,136.518435,yokkaisi_MIE03_only.csv,VERIFIED,PASSED_ALL_CHECKS
24202,四日市市,野田一丁目,四日市市 野田一丁目,5100815,34.979201,136.612750,yokkaisi_MIE03_only.csv,VERIFIED,PASSED_ALL_CHECKS
24202,四日市市,野田二丁目,四日市市 野田二丁目,5100815,34.980756,136.607539,yokkaisi_MIE03_only.csv,VERIFIED,PASSED_ALL_CHECKS
24202,四日市市,八王子町,四日市市 八王子町,5100947,34.954455,136.564019,yokkaisi_MIE03_only.csv,VERIFIED,PASSED_ALL_CHECKS
24202,四日市市,八幡町,四日市市 八幡町,5100097,34.971257,136.629892,yokkaisi_MIE03_only.csv,VERIFIED,PASSED_ALL_CHECKS
24202,四日市市,八田一丁目,四日市市 八田一丁目,5100001,34.992051,136.639410,yokkaisi_MIE03_only.csv,VERIFIED,PASSED_ALL_CHECKS
24202,四日市市,八田二丁目,四日市市 八田二丁目,5100001,34.994027,136.640847,yokkaisi_MIE03_only.csv,VERIFIED,PASSED_ALL_CHECKS
24202,四日市市,八田三丁目,四日市市 八田三丁目,5100001,34.996844,136.642807,yokkaisi_MIE03_only.csv,VERIFIED,PASSED_ALL_CHECKS
24202,四日市市,羽津町,四日市市 羽津町,5100017,34.989095,136.636045,yokkaisi_MIE03_only.csv,VERIFIED,PASSED_ALL_CHECKS
24202,四日市市,羽津中一丁目,四日市市 羽津中一丁目,5100002,34.992092,136.634281,yokkaisi_MIE03_only.csv,VERIFIED,PASSED_ALL_CHECKS
24202,四日市市,羽津中二丁目,四日市市 羽津中二丁目,5100002,34.994139,136.635287,yokkaisi_MIE03_only.csv,VERIFIED,PASSED_ALL_CHECKS
24202,四日市市,羽津中三丁目,四日市市 羽津中三丁目,5100002,34.995918,136.636924,yokkaisi_MIE03_only.csv,VERIFIED,PASSED_ALL_CHECKS
24202,四日市市,羽津山町,四日市市 羽津山町,5100016,34.988656,136.627874,yokkaisi_MIE03_only.csv,VERIFIED,PASSED_ALL_CHECKS
24202,四日市市,浜旭町,四日市市 浜旭町,5100852,34.929770,136.625396,yokkaisi_MIE03_only.csv,VERIFIED,PASSED_ALL_CHECKS
24202,四日市市,浜一色町,四日市市 浜一色町,5100031,34.978177,136.631319,yokkaisi_MIE03_only.csv,VERIFIED,PASSED_ALL_CHECKS
24202,四日市市,浜園町,四日市市 浜園町,5108009,34.995627,136.653361,yokkaisi_MIE03_only.csv,VERIFIED,PASSED_ALL_CHECKS
24202,四日市市,浜田町,四日市市 浜田町,5100067,34.963971,136.620040,yokkaisi_MIE03_only.csv,VERIFIED,PASSED_ALL_CHECKS
24202,四日市市,浜町,四日市市 浜町,5100046,34.967633,136.635245,yokkaisi_MIE03_only.csv,VERIFIED,PASSED_ALL_CHECKS
24202,四日市市,万古町,四日市市 万古町,5100804,34.982512,136.625415,yokkaisi_MIE03_only.csv,VERIFIED,PASSED_ALL_CHECKS
24202,四日市市,東ケ谷,四日市市 東ケ谷,5120907,35.001589,136.607022,yokkaisi_MIE03_only.csv,VERIFIED,PASSED_ALL_CHECKS
24202,四日市市,東垂坂町,四日市市 東垂坂町,5108035,35.005989,136.620297,yokkaisi_MIE03_only.csv,VERIFIED,PASSED_ALL_CHECKS
24202,四日市市,東富田町,四日市市 東富田町,5108006,35.002112,136.655773,yokkaisi_MIE03_only.csv,VERIFIED,PASSED_ALL_CHECKS
24202,四日市市,東日野一丁目,四日市市 東日野一丁目,5100941,34.958543,136.598175,yokkaisi_MIE03_only.csv,VERIFIED,PASSED_ALL_CHECKS
24202,四日市市,東日野二丁目,四日市市 東日野二丁目,5100941,34.954957,136.597018,yokkaisi_MIE03_only.csv,VERIFIED,PASSED_ALL_CHECKS
24202,四日市市,東日野町,四日市市 東日野町,5100942,34.958068,136.593195,yokkaisi_MIE03_only.csv,VERIFIED,PASSED_ALL_CHECKS
24202,四日市市,東茂福町,四日市市 東茂福町,5108011,34.997592,136.649126,yokkaisi_MIE03_only.csv,VERIFIED,PASSED_ALL_CHECKS
24202,四日市市,広永町,四日市市 広永町,5128061,35.030744,136.640995,yokkaisi_MIE03_only.csv,VERIFIED,PASSED_ALL_CHECKS
24202,四日市市,富士町,四日市市 富士町,5100013,34.984415,136.639697,yokkaisi_MIE03_only.csv,VERIFIED,PASSED_ALL_CHECKS
24202,四日市市,富双一丁目,四日市市 富双一丁目,5108005,35.000498,136.658141,yokkaisi_MIE03_only.csv,VERIFIED,PASSED_ALL_CHECKS
24202,四日市市,富双二丁目,四日市市 富双二丁目,5108005,35.003806,136.662801,yokkaisi_MIE03_only.csv,VERIFIED,PASSED_ALL_CHECKS
24202,四日市市,別名一丁目,四日市市 別名一丁目,5100007,34.994757,136.627097,yokkaisi_MIE03_only.csv,VERIFIED,PASSED_ALL_CHECKS
24202,四日市市,別名二丁目,四日市市 別名二丁目,5100007,34.996186,136.623918,yokkaisi_MIE03_only.csv,VERIFIED,PASSED_ALL_CHECKS
24202,四日市市,別名三丁目,四日市市 別名三丁目,5100007,34.999004,136.626566,yokkaisi_MIE03_only.csv,VERIFIED,PASSED_ALL_CHECKS
24202,四日市市,別名四丁目,四日市市 別名四丁目,5100007,34.997118,136.628732,yokkaisi_MIE03_only.csv,VERIFIED,PASSED_ALL_CHECKS
24202,四日市市,別名五丁目,四日市市 別名五丁目,5100007,34.996273,136.632735,yokkaisi_MIE03_only.csv,VERIFIED,PASSED_ALL_CHECKS
24202,四日市市,別名六丁目,四日市市 別名六丁目,5100007,34.998767,136.632511,yokkaisi_MIE03_only.csv,VERIFIED,PASSED_ALL_CHECKS
24202,四日市市,別山一丁目,四日市市 別山一丁目,5120936,34.971565,136.559711,yokkaisi_MIE03_only.csv,VERIFIED,PASSED_ALL_CHECKS
24202,四日市市,別山二丁目,四日市市 別山二丁目,5120936,34.969293,136.561679,yokkaisi_MIE03_only.csv,VERIFIED,PASSED_ALL_CHECKS
24202,四日市市,別山三丁目,四日市市 別山三丁目,5120936,34.967990,136.559267,yokkaisi_MIE03_only.csv,VERIFIED,PASSED_ALL_CHECKS
24202,四日市市,別山四丁目,四日市市 別山四丁目,5120936,34.970162,136.558200,yokkaisi_MIE03_only.csv,VERIFIED,PASSED_ALL_CHECKS
24202,四日市市,堀木一丁目,四日市市 堀木一丁目,5100076,34.971527,136.614048,yokkaisi_MIE03_only.csv,VERIFIED,PASSED_ALL_CHECKS
24202,四日市市,堀木二丁目,四日市市 堀木二丁目,5100076,34.974477,136.615722,yokkaisi_MIE03_only.csv,VERIFIED,PASSED_ALL_CHECKS
24202,四日市市,本町,四日市市 本町,5100093,34.962304,136.630242,yokkaisi_MIE03_only.csv,VERIFIED,PASSED_ALL_CHECKS
24202,四日市市,前田町,四日市市 前田町,5100893,34.936699,136.593790,yokkaisi_MIE03_only.csv,VERIFIED,PASSED_ALL_CHECKS
24202,四日市市,蒔田一丁目,四日市市 蒔田一丁目,5108022,35.016117,136.650089,yokkaisi_MIE03_only.csv,VERIFIED,PASSED_ALL_CHECKS
24202,四日市市,蒔田二丁目,四日市市 蒔田二丁目,5108022,35.016851,136.651821,yokkaisi_MIE03_only.csv,VERIFIED,PASSED_ALL_CHECKS
24202,四日市市,蒔田三丁目,四日市市 蒔田三丁目,5108022,35.018054,136.653375,yokkaisi_MIE03_only.csv,VERIFIED,PASSED_ALL_CHECKS
24202,四日市市,蒔田四丁目,四日市市 蒔田四丁目,5108022,35.018175,136.648065,yokkaisi_MIE03_only.csv,VERIFIED,PASSED_ALL_CHECKS
24202,四日市市,まきの木台一丁目,四日市市 まきの木台一丁目,5121306,35.037240,136.570137,yokkaisi_MIE03_only.csv,VERIFIED,PASSED_ALL_CHECKS
24202,四日市市,まきの木台二丁目,四日市市 まきの木台二丁目,5121306,35.038831,136.568613,yokkaisi_MIE03_only.csv,VERIFIED,PASSED_ALL_CHECKS
24202,四日市市,まきの木台三丁目,四日市市 まきの木台三丁目,5121306,35.038710,136.571397,yokkaisi_MIE03_only.csv,VERIFIED,PASSED_ALL_CHECKS
24202,四日市市,松寺一丁目,四日市市 松寺一丁目,5108021,35.020391,136.654574,yokkaisi_MIE03_only.csv,VERIFIED,PASSED_ALL_CHECKS
24202,四日市市,松寺二丁目,四日市市 松寺二丁目,5108021,35.022772,136.655521,yokkaisi_MIE03_only.csv,VERIFIED,PASSED_ALL_CHECKS
24202,四日市市,松寺三丁目,四日市市 松寺三丁目,5108021,35.022774,136.652093,yokkaisi_MIE03_only.csv,VERIFIED,PASSED_ALL_CHECKS
24202,四日市市,松原町,四日市市 松原町,5108015,35.010914,136.655209,yokkaisi_MIE03_only.csv,VERIFIED,PASSED_ALL_CHECKS
24202,四日市市,松本一丁目,四日市市 松本一丁目,5100836,34.965405,136.591706,yokkaisi_MIE03_only.csv,VERIFIED,PASSED_ALL_CHECKS
24202,四日市市,松本二丁目,四日市市 松本二丁目,5100836,34.968698,136.592815,yokkaisi_MIE03_only.csv,VERIFIED,PASSED_ALL_CHECKS
24202,四日市市,松本三丁目,四日市市 松本三丁目,5100836,34.970118,136.589371,yokkaisi_MIE03_only.csv,VERIFIED,PASSED_ALL_CHECKS
24202,四日市市,松本四丁目,四日市市 松本四丁目,5100836,34.967953,136.587280,yokkaisi_MIE03_only.csv,VERIFIED,PASSED_ALL_CHECKS
24202,四日市市,松本五丁目,四日市市 松本五丁目,5100836,34.966881,136.589524,yokkaisi_MIE03_only.csv,VERIFIED,PASSED_ALL_CHECKS
24202,四日市市,松本六丁目,四日市市 松本六丁目,5100836,34.964986,136.588095,yokkaisi_MIE03_only.csv,VERIFIED,PASSED_ALL_CHECKS
24202,四日市市,美里町,四日市市 美里町,5121104,34.960789,136.508754,yokkaisi_MIE03_only.csv,VERIFIED,PASSED_ALL_CHECKS
24202,四日市市,御薗町一丁目,四日市市 御薗町一丁目,5100862,34.932669,136.623869,yokkaisi_MIE03_only.csv,VERIFIED,PASSED_ALL_CHECKS
24202,四日市市,御薗町二丁目,四日市市 御薗町二丁目,5100862,34.933380,136.620821,yokkaisi_MIE03_only.csv,VERIFIED,PASSED_ALL_CHECKS
24202,四日市市,三滝台一丁目,四日市市 三滝台一丁目,5120933,34.976466,136.572346,yokkaisi_MIE03_only.csv,VERIFIED,PASSED_ALL_CHECKS
24202,四日市市,三滝台二丁目,四日市市 三滝台二丁目,5120933,34.973332,136.572631,yokkaisi_MIE03_only.csv,VERIFIED,PASSED_ALL_CHECKS
24202,四日市市,三滝台三丁目,四日市市 三滝台三丁目,5120933,34.974645,136.569723,yokkaisi_MIE03_only.csv,VERIFIED,PASSED_ALL_CHECKS
24202,四日市市,三滝台四丁目,四日市市 三滝台四丁目,5120933,34.974913,136.566687,yokkaisi_MIE03_only.csv,VERIFIED,PASSED_ALL_CHECKS
24202,四日市市,三田町,四日市市 三田町,5100841,34.941285,136.659102,yokkaisi_MIE03_only.csv,VERIFIED,PASSED_ALL_CHECKS
24202,四日市市,三ツ谷町,四日市市 三ツ谷町,5100802,34.982426,136.629872,yokkaisi_MIE03_only.csv,VERIFIED,PASSED_ALL_CHECKS
24202,四日市市,三ツ谷東町,四日市市 三ツ谷東町,5100801,34.981219,136.633565,yokkaisi_MIE03_only.csv,VERIFIED,PASSED_ALL_CHECKS
24202,四日市市,緑丘町,四日市市 緑丘町,5100006,34.994364,136.622509,yokkaisi_MIE03_only.csv,VERIFIED,PASSED_ALL_CHECKS
24202,四日市市,南いかるが町,四日市市 南いかるが町,5100008,35.001197,136.629059,yokkaisi_MIE03_only.csv,VERIFIED,PASSED_ALL_CHECKS
24202,四日市市,南起町,四日市市 南起町,5100056,34.954890,136.627068,yokkaisi_MIE03_only.csv,VERIFIED,PASSED_ALL_CHECKS
24202,四日市市,南小松町,四日市市 南小松町,5100971,34.921555,136.558347,yokkaisi_MIE03_only.csv,VERIFIED,PASSED_ALL_CHECKS
24202,四日市市,南垂坂町,四日市市 南垂坂町,5108036,35.004095,136.612243,yokkaisi_MIE03_only.csv,VERIFIED,PASSED_ALL_CHECKS
24202,四日市市,南富田町,四日市市 南富田町,5108013,35.002729,136.649538,yokkaisi_MIE03_only.csv,VERIFIED,PASSED_ALL_CHECKS
24202,四日市市,南納屋町,四日市市 南納屋町,5100043,34.962295,136.633368,yokkaisi_MIE03_only.csv,VERIFIED,PASSED_ALL_CHECKS
24202,四日市市,南浜田町,四日市市 南浜田町,5100066,34.961102,136.616761,yokkaisi_MIE03_only.csv,VERIFIED,PASSED_ALL_CHECKS
24202,四日市市,南松本町,四日市市 南松本町,5100838,34.967145,136.579811,yokkaisi_MIE03_only.csv,VERIFIED,PASSED_ALL_CHECKS
24202,四日市市,宮東町一丁目,四日市市 宮東町一丁目,5100843,34.942367,136.624846,yokkaisi_MIE03_only.csv,VERIFIED,PASSED_ALL_CHECKS
24202,四日市市,宮東町二丁目,四日市市 宮東町二丁目,5100843,34.940486,136.623505,yokkaisi_MIE03_only.csv,VERIFIED,PASSED_ALL_CHECKS
24202,四日市市,宮東町三丁目,四日市市 宮東町三丁目,5100843,34.939320,136.623524,yokkaisi_MIE03_only.csv,VERIFIED,PASSED_ALL_CHECKS
24202,四日市市,海山道町一丁目,四日市市 海山道町一丁目,5100845,34.944666,136.620614,yokkaisi_MIE03_only.csv,VERIFIED,PASSED_ALL_CHECKS
24202,四日市市,海山道町二丁目,四日市市 海山道町二丁目,5100845,34.943146,136.623346,yokkaisi_MIE03_only.csv,VERIFIED,PASSED_ALL_CHECKS
24202,四日市市,海山道町三丁目,四日市市 海山道町三丁目,5100845,34.940431,136.620126,yokkaisi_MIE03_only.csv,VERIFIED,PASSED_ALL_CHECKS
24202,四日市市,みゆきケ丘一丁目,四日市市 みゆきケ丘一丁目,5100811,34.994033,136.616880,yokkaisi_MIE03_only.csv,VERIFIED,PASSED_ALL_CHECKS
24202,四日市市,みゆきケ丘二丁目,四日市市 みゆきケ丘二丁目,5100811,34.998172,136.616326,yokkaisi_MIE03_only.csv,VERIFIED,PASSED_ALL_CHECKS
24202,四日市市,室山町,四日市市 室山町,5100948,34.955993,136.578089,yokkaisi_MIE03_only.csv,VERIFIED,PASSED_ALL_CHECKS
24202,四日市市,茂福町,四日市市 茂福町,5108012,35.000030,136.646837,yokkaisi_MIE03_only.csv,VERIFIED,PASSED_ALL_CHECKS
24202,四日市市,元新町,四日市市 元新町,5100095,34.967682,136.628376,yokkaisi_MIE03_only.csv,VERIFIED,PASSED_ALL_CHECKS
24202,四日市市,元町,四日市市 元町,5100088,34.971030,136.621855,yokkaisi_MIE03_only.csv,VERIFIED,PASSED_ALL_CHECKS
24202,四日市市,森カ山町,四日市市 森カ山町,5100957,34.931301,136.583018,yokkaisi_MIE03_only.csv,VERIFIED,PASSED_ALL_CHECKS
24202,四日市市,安島一丁目,四日市市 安島一丁目,5100075,34.967657,136.616384,yokkaisi_MIE03_only.csv,VERIFIED,PASSED_ALL_CHECKS
24202,四日市市,安島二丁目,四日市市 安島二丁目,5100075,34.969588,136.612881,yokkaisi_MIE03_only.csv,VERIFIED,PASSED_ALL_CHECKS
24202,四日市市,八千代台一丁目,四日市市 八千代台一丁目,5128047,35.029482,136.585590,yokkaisi_MIE03_only.csv,VERIFIED,PASSED_ALL_CHECKS
24202,四日市市,八千代台二丁目,四日市市 八千代台二丁目,5128047,35.028489,136.582959,yokkaisi_MIE03_only.csv,VERIFIED,PASSED_ALL_CHECKS
24202,四日市市,八千代台三丁目,四日市市 八千代台三丁目,5128047,35.030554,136.581218,yokkaisi_MIE03_only.csv,VERIFIED,PASSED_ALL_CHECKS
24202,四日市市,柳町,四日市市 柳町,5100861,34.934221,136.620183,yokkaisi_MIE03_only.csv,VERIFIED,PASSED_ALL_CHECKS
24202,四日市市,山分町,四日市市 山分町,5128041,35.026782,136.632450,yokkaisi_MIE03_only.csv,VERIFIED,PASSED_ALL_CHECKS
24202,四日市市,山手町,四日市市 山手町,5100005,34.992589,136.624478,yokkaisi_MIE03_only.csv,VERIFIED,PASSED_ALL_CHECKS
24202,四日市市,山之一色町,四日市市 山之一色町,5120906,35.012655,136.600898,yokkaisi_MIE03_only.csv,VERIFIED,PASSED_ALL_CHECKS
24202,四日市市,山村町,四日市市 山村町,5128063,35.038090,136.637627,yokkaisi_MIE03_only.csv,VERIFIED,PASSED_ALL_CHECKS
24202,四日市市,六名町,四日市市 六名町,5121116,34.939773,136.527672,yokkaisi_MIE03_only.csv,VERIFIED,PASSED_ALL_CHECKS
24202,四日市市,和無田町,四日市市 和無田町,5121114,34.939495,136.517379,yokkaisi_MIE03_only.csv,VERIFIED,PASSED_ALL_CHECKS
24202,四日市市,陶栄町,四日市市 陶栄町,5100035,34.978792,136.625841,yokkaisi_MIE03_only.csv,VERIFIED,PASSED_ALL_CHECKS
24202,四日市市,本郷町,四日市市 本郷町,5100806,34.978841,136.621458,yokkaisi_MIE03_only.csv,VERIFIED,PASSED_ALL_CHECKS
24202,四日市市,滝川町,四日市市 滝川町,5100034,34.975505,136.623877,yokkaisi_MIE03_only.csv,VERIFIED,PASSED_ALL_CHECKS
24202,四日市市,末永町,四日市市 末永町,5100807,34.976466,136.619632,yokkaisi_MIE03_only.csv,VERIFIED,PASSED_ALL_CHECKS
24205,桑名市,さくらの丘,桑名市 さくらの丘,5110868,35.067411,136.654108,kuwanasi.zip,VERIFIED,PASSED_ALL_CHECKS
24205,桑名市,伊賀町,桑名市 伊賀町,5110036,35.059468,136.699104,kuwanasi.zip,WARNING,WARNING_WATER_AREA (Ibi River (揖斐川))
24205,桑名市,一色町,桑名市 一色町,5110046,35.059309,136.689630,kuwanasi.zip,VERIFIED,PASSED_ALL_CHECKS
24205,桑名市,益生町,桑名市 益生町,5110831,35.058068,136.680220,kuwanasi.zip,VERIFIED,PASSED_ALL_CHECKS
24205,桑名市,駅元町,桑名市 駅元町,5110071,35.068353,136.685648,kuwanasi.zip,VERIFIED,PASSED_ALL_CHECKS
24205,桑名市,霞町一丁目,桑名市 霞町一丁目,5110827,35.064172,136.670334,kuwanasi.zip,VERIFIED,PASSED_ALL_CHECKS
24205,桑名市,霞町二丁目,桑名市 霞町二丁目,5110827,35.063596,136.670953,kuwanasi.zip,VERIFIED,PASSED_ALL_CHECKS
24205,桑名市,外堀,桑名市 外堀,5110041,35.060038,136.694479,kuwanasi.zip,WARNING,WARNING_WATER_AREA (Ibi River (揖斐川))
24205,桑名市,掛樋,桑名市 掛樋,5110067,35.057837,136.688155,kuwanasi.zip,VERIFIED,PASSED_ALL_CHECKS
24205,桑名市,萱町,桑名市 萱町,5110044,35.058381,136.691912,kuwanasi.zip,WARNING,WARNING_WATER_AREA (Ibi River (揖斐川))
24205,桑名市,吉津屋町,桑名市 吉津屋町,5110087,35.062755,136.692304,kuwanasi.zip,WARNING,WARNING_WATER_AREA (Ibi River (揖斐川))
24205,桑名市,吉之丸,桑名市 吉之丸,5110032,35.065605,136.699735,kuwanasi.zip,WARNING,WARNING_WATER_AREA (Ibi River (揖斐川))
24205,桑名市,宮町,桑名市 宮町,5110026,35.067767,136.695204,kuwanasi.zip,WARNING,WARNING_WATER_AREA (Ibi River (揖斐川))
24205,桑名市,宮通,桑名市 宮通,5110082,35.064269,136.695216,kuwanasi.zip,WARNING,WARNING_WATER_AREA (Ibi River (揖斐川))
24205,桑名市,京橋町,桑名市 京橋町,5110063,35.063462,136.691950,kuwanasi.zip,WARNING,WARNING_WATER_AREA (Ibi River (揖斐川))
24205,桑名市,京町,桑名市 京町,5110039,35.063391,136.693991,kuwanasi.zip,WARNING,WARNING_WATER_AREA (Ibi River (揖斐川))
24205,桑名市,桑栄町,桑名市 桑栄町,5110078,35.066694,136.684726,kuwanasi.zip,VERIFIED,PASSED_ALL_CHECKS
24205,桑名市,元赤須賀,桑名市 元赤須賀,5110037,35.061204,136.699936,kuwanasi.zip,WARNING,WARNING_WATER_AREA (Ibi River (揖斐川))
24205,桑名市,江戸町,桑名市 江戸町,5110022,35.066048,136.696287,kuwanasi.zip,WARNING,WARNING_WATER_AREA (Ibi River (揖斐川))
24205,桑名市,高塚町一丁目,桑名市 高塚町一丁目,5110818,35.070148,136.673231,kuwanasi.zip,VERIFIED,PASSED_ALL_CHECKS
24205,桑名市,高塚町二丁目,桑名市 高塚町二丁目,5110818,35.072037,136.673133,kuwanasi.zip,VERIFIED,PASSED_ALL_CHECKS
24205,桑名市,高塚町三丁目,桑名市 高塚町三丁目,5110818,35.070594,136.671678,kuwanasi.zip,VERIFIED,PASSED_ALL_CHECKS
24205,桑名市,高塚町四丁目,桑名市 高塚町四丁目,5110818,35.072254,136.671532,kuwanasi.zip,VERIFIED,PASSED_ALL_CHECKS
24205,桑名市,高塚町五丁目,桑名市 高塚町五丁目,5110818,35.070711,136.670179,kuwanasi.zip,VERIFIED,PASSED_ALL_CHECKS
24205,桑名市,高塚町六丁目,桑名市 高塚町六丁目,5110818,35.071347,136.668858,kuwanasi.zip,VERIFIED,PASSED_ALL_CHECKS
24205,桑名市,今中町,桑名市 今中町,5110018,35.068165,136.690323,kuwanasi.zip,WARNING,WARNING_WATER_AREA (Ibi River (揖斐川))
24205,桑名市,今片町,桑名市 今片町,5110017,35.067428,136.691405,kuwanasi.zip,WARNING,WARNING_WATER_AREA (Ibi River (揖斐川))
24205,桑名市,今北町,桑名市 今北町,5110006,35.068567,136.691235,kuwanasi.zip,WARNING,WARNING_WATER_AREA (Ibi River (揖斐川))
24205,桑名市,紺屋町,桑名市 紺屋町,5110085,35.062524,136.692976,kuwanasi.zip,WARNING,WARNING_WATER_AREA (Ibi River (揖斐川))
24205,桑名市,桜通,桑名市 桜通,5110813,35.064927,136.674049,kuwanasi.zip,VERIFIED,PASSED_ALL_CHECKS
24205,桑名市,三ツ矢橋,桑名市 三ツ矢橋,5110057,35.058329,136.682842,kuwanasi.zip,VERIFIED,PASSED_ALL_CHECKS
24205,桑名市,三栄町,桑名市 三栄町,5110075,35.065642,136.690230,kuwanasi.zip,WARNING,WARNING_WATER_AREA (Ibi River (揖斐川))
24205,桑名市,三崎通,桑名市 三崎通,5110014,35.066758,136.693722,kuwanasi.zip,WARNING,WARNING_WATER_AREA (Ibi River (揖斐川))
24205,桑名市,三之丸,桑名市 三之丸,5110031,35.066185,136.696990,kuwanasi.zip,WARNING,WARNING_WATER_AREA (Ibi River (揖斐川))
24205,桑名市,参宮通,桑名市 参宮通,5110007,35.068957,136.687888,kuwanasi.zip,VERIFIED,PASSED_ALL_CHECKS
24205,桑名市,汐見町一丁目,桑名市 汐見町一丁目,5110816,35.067026,136.672194,kuwanasi.zip,VERIFIED,PASSED_ALL_CHECKS
24205,桑名市,汐見町二丁目,桑名市 汐見町二丁目,5110816,35.067515,136.672019,kuwanasi.zip,VERIFIED,PASSED_ALL_CHECKS
24205,桑名市,汐見町三丁目,桑名市 汐見町三丁目,5110816,35.067367,136.669932,kuwanasi.zip,VERIFIED,PASSED_ALL_CHECKS
24205,桑名市,寿町一丁目,桑名市 寿町一丁目,5110061,35.066503,136.686407,kuwanasi.zip,VERIFIED,PASSED_ALL_CHECKS
24205,桑名市,寿町二丁目,桑名市 寿町二丁目,5110061,35.065550,136.685213,kuwanasi.zip,VERIFIED,PASSED_ALL_CHECKS
24205,桑名市,寿町三丁目,桑名市 寿町三丁目,5110061,35.065614,136.687882,kuwanasi.zip,VERIFIED,PASSED_ALL_CHECKS
24205,桑名市,住吉町,桑名市 住吉町,5110004,35.069647,136.694428,kuwanasi.zip,WARNING,WARNING_WATER_AREA (Ibi River (揖斐川))
24205,桑名市,春日町,桑名市 春日町,5110012,35.067819,136.694566,kuwanasi.zip,WARNING,WARNING_WATER_AREA (Ibi River (揖斐川))
24205,桑名市,小山台一丁目,桑名市 小山台一丁目,5110107,35.128057,136.634799,kuwanasi.zip,VERIFIED,PASSED_ALL_CHECKS
24205,桑名市,小山台二丁目,桑名市 小山台二丁目,5110107,35.128383,136.630728,kuwanasi.zip,VERIFIED,PASSED_ALL_CHECKS
24205,桑名市,松ノ木一丁目,桑名市 松ノ木一丁目,5110902,35.077235,136.647160,kuwanasi.zip,VERIFIED,PASSED_ALL_CHECKS
24205,桑名市,松ノ木二丁目,桑名市 松ノ木二丁目,5110902,35.076187,136.643756,kuwanasi.zip,VERIFIED,PASSED_ALL_CHECKS
24205,桑名市,松ノ木三丁目,桑名市 松ノ木三丁目,5110902,35.077367,136.640742,kuwanasi.zip,VERIFIED,PASSED_ALL_CHECKS
24205,桑名市,松ノ木四丁目,桑名市 松ノ木四丁目,5110902,35.077111,136.636922,kuwanasi.zip,VERIFIED,PASSED_ALL_CHECKS
24205,桑名市,松ノ木五丁目,桑名市 松ノ木五丁目,5110902,35.075177,136.638968,kuwanasi.zip,VERIFIED,PASSED_ALL_CHECKS
24205,桑名市,松ノ木六丁目,桑名市 松ノ木六丁目,5110902,35.075311,136.641271,kuwanasi.zip,VERIFIED,PASSED_ALL_CHECKS
24205,桑名市,松ノ木七丁目,桑名市 松ノ木七丁目,5110902,35.072656,136.643696,kuwanasi.zip,VERIFIED,PASSED_ALL_CHECKS
24205,桑名市,松ノ木八丁目,桑名市 松ノ木八丁目,5110902,35.075117,136.645961,kuwanasi.zip,VERIFIED,PASSED_ALL_CHECKS
24205,桑名市,松並町一丁目,桑名市 松並町一丁目,5110814,35.065897,136.675193,kuwanasi.zip,VERIFIED,PASSED_ALL_CHECKS
24205,桑名市,松並町二丁目,桑名市 松並町二丁目,5110814,35.065753,136.672799,kuwanasi.zip,VERIFIED,PASSED_ALL_CHECKS
24205,桑名市,城山台,桑名市 城山台,5110924,35.051339,136.656515,kuwanasi.zip,VERIFIED,PASSED_ALL_CHECKS
24205,桑名市,常盤町,桑名市 常盤町,5110062,35.064724,136.690308,kuwanasi.zip,WARNING,WARNING_WATER_AREA (Ibi River (揖斐川))
24205,桑名市,職人町,桑名市 職人町,5110083,35.064383,136.694723,kuwanasi.zip,WARNING,WARNING_WATER_AREA (Ibi River (揖斐川))
24205,桑名市,新屋敷,桑名市 新屋敷,5110043,35.057230,136.692772,kuwanasi.zip,WARNING,WARNING_WATER_AREA (Ibi River (揖斐川))
24205,桑名市,新西方一丁目,桑名市 新西方一丁目,5110863,35.072209,136.662932,kuwanasi.zip,VERIFIED,PASSED_ALL_CHECKS
24205,桑名市,新西方二丁目,桑名市 新西方二丁目,5110863,35.073576,136.659779,kuwanasi.zip,VERIFIED,PASSED_ALL_CHECKS
24205,桑名市,新西方三丁目,桑名市 新西方三丁目,5110863,35.074384,136.656448,kuwanasi.zip,VERIFIED,PASSED_ALL_CHECKS
24205,桑名市,新西方四丁目,桑名市 新西方四丁目,5110863,35.070096,136.656137,kuwanasi.zip,VERIFIED,PASSED_ALL_CHECKS
24205,桑名市,新西方五丁目,桑名市 新西方五丁目,5110863,35.070134,136.658452,kuwanasi.zip,VERIFIED,PASSED_ALL_CHECKS
24205,桑名市,新西方六丁目,桑名市 新西方六丁目,5110863,35.068962,136.660332,kuwanasi.zip,VERIFIED,PASSED_ALL_CHECKS
24205,桑名市,新西方七丁目,桑名市 新西方七丁目,5110863,35.066768,136.660311,kuwanasi.zip,VERIFIED,PASSED_ALL_CHECKS
24205,桑名市,新西方八丁目,桑名市 新西方八丁目,5110863,35.069110,136.654386,kuwanasi.zip,VERIFIED,PASSED_ALL_CHECKS
24205,桑名市,新倉持,桑名市 新倉持,5110855,35.060105,136.664295,kuwanasi.zip,VERIFIED,PASSED_ALL_CHECKS
24205,桑名市,新地,桑名市 新地,5110832,35.056679,136.679915,kuwanasi.zip,VERIFIED,PASSED_ALL_CHECKS
24205,桑名市,新築町,桑名市 新築町,5110064,35.063314,136.690511,kuwanasi.zip,WARNING,WARNING_WATER_AREA (Ibi River (揖斐川))
24205,桑名市,新町,桑名市 新町,5110048,35.059415,136.691252,kuwanasi.zip,WARNING,WARNING_WATER_AREA (Ibi River (揖斐川))
24205,桑名市,新矢田一丁目,桑名市 新矢田一丁目,5110069,35.059662,136.682235,kuwanasi.zip,VERIFIED,PASSED_ALL_CHECKS
24205,桑名市,新矢田二丁目,桑名市 新矢田二丁目,5110069,35.060905,136.683652,kuwanasi.zip,VERIFIED,PASSED_ALL_CHECKS
24205,桑名市,神楽町一丁目,桑名市 神楽町一丁目,5110829,35.063100,136.670358,kuwanasi.zip,VERIFIED,PASSED_ALL_CHECKS
24205,桑名市,神楽町二丁目,桑名市 神楽町二丁目,5110829,35.062377,136.670357,kuwanasi.zip,VERIFIED,PASSED_ALL_CHECKS
24205,桑名市,神成町一丁目,桑名市 神成町一丁目,5110866,35.073929,136.675885,kuwanasi.zip,VERIFIED,PASSED_ALL_CHECKS
24205,桑名市,神成町二丁目,桑名市 神成町二丁目,5110866,35.075110,136.676256,kuwanasi.zip,VERIFIED,PASSED_ALL_CHECKS
24205,桑名市,星見ヶ丘一丁目,桑名市 星見ヶ丘一丁目,5110912,35.075732,136.635285,kuwanasi.zip,VERIFIED,PASSED_ALL_CHECKS
24205,桑名市,星見ヶ丘二丁目,桑名市 星見ヶ丘二丁目,5110912,35.075558,136.632957,kuwanasi.zip,VERIFIED,PASSED_ALL_CHECKS
24205,桑名市,星見ヶ丘三丁目,桑名市 星見ヶ丘三丁目,5110912,35.075169,136.630478,kuwanasi.zip,VERIFIED,PASSED_ALL_CHECKS
24205,桑名市,星見ヶ丘四丁目,桑名市 星見ヶ丘四丁目,5110912,35.071708,136.629250,kuwanasi.zip,VERIFIED,PASSED_ALL_CHECKS
24205,桑名市,星見ヶ丘五丁目,桑名市 星見ヶ丘五丁目,5110912,35.069428,136.630743,kuwanasi.zip,VERIFIED,PASSED_ALL_CHECKS
24205,桑名市,星見ヶ丘六丁目,桑名市 星見ヶ丘六丁目,5110912,35.067008,136.633722,kuwanasi.zip,VERIFIED,PASSED_ALL_CHECKS
24205,桑名市,星見ヶ丘七丁目,桑名市 星見ヶ丘七丁目,5110912,35.068250,136.635130,kuwanasi.zip,VERIFIED,PASSED_ALL_CHECKS
24205,桑名市,星見ヶ丘八丁目,桑名市 星見ヶ丘八丁目,5110912,35.071034,136.634512,kuwanasi.zip,VERIFIED,PASSED_ALL_CHECKS
24205,桑名市,星見ヶ丘九丁目,桑名市 星見ヶ丘九丁目,5110912,35.073422,136.634011,kuwanasi.zip,VERIFIED,PASSED_ALL_CHECKS
24205,桑名市,清水町,桑名市 清水町,5110019,35.067774,136.692965,kuwanasi.zip,WARNING,WARNING_WATER_AREA (Ibi River (揖斐川))
24205,桑名市,清竹の丘,桑名市 清竹の丘,5110810,35.073868,136.669418,kuwanasi.zip,VERIFIED,PASSED_ALL_CHECKS
24205,桑名市,西正和台一丁目,桑名市 西正和台一丁目,5110933,35.051407,136.631726,kuwanasi.zip,VERIFIED,PASSED_ALL_CHECKS
24205,桑名市,西正和台二丁目,桑名市 西正和台二丁目,5110933,35.050017,136.632587,kuwanasi.zip,VERIFIED,PASSED_ALL_CHECKS
24205,桑名市,西正和台三丁目,桑名市 西正和台三丁目,5110933,35.049650,136.630787,kuwanasi.zip,VERIFIED,PASSED_ALL_CHECKS
24205,桑名市,西正和台四丁目,桑名市 西正和台四丁目,5110933,35.048646,136.631181,kuwanasi.zip,VERIFIED,PASSED_ALL_CHECKS
24205,桑名市,西正和台五丁目,桑名市 西正和台五丁目,5110933,35.048012,136.631903,kuwanasi.zip,VERIFIED,PASSED_ALL_CHECKS
24205,桑名市,西鍋屋町,桑名市 西鍋屋町,5110054,35.056664,136.687060,kuwanasi.zip,VERIFIED,PASSED_ALL_CHECKS
24205,桑名市,西矢田町,桑名市 西矢田町,5110056,35.057352,136.683156,kuwanasi.zip,VERIFIED,PASSED_ALL_CHECKS
24205,桑名市,青葉町一丁目,桑名市 青葉町一丁目,5110817,35.067574,136.673935,kuwanasi.zip,VERIFIED,PASSED_ALL_CHECKS
24205,桑名市,青葉町二丁目,桑名市 青葉町二丁目,5110817,35.068166,136.673128,kuwanasi.zip,VERIFIED,PASSED_ALL_CHECKS
24205,桑名市,赤尾台一丁目,桑名市 赤尾台一丁目,5110935,35.051138,136.624082,kuwanasi.zip,VERIFIED,PASSED_ALL_CHECKS
24205,桑名市,赤尾台二丁目,桑名市 赤尾台二丁目,5110935,35.049895,136.623219,kuwanasi.zip,VERIFIED,PASSED_ALL_CHECKS
24205,桑名市,赤尾台三丁目,桑名市 赤尾台三丁目,5110935,35.048822,136.624583,kuwanasi.zip,VERIFIED,PASSED_ALL_CHECKS
24205,桑名市,赤尾台四丁目,桑名市 赤尾台四丁目,5110935,35.047673,136.622045,kuwanasi.zip,VERIFIED,PASSED_ALL_CHECKS
24205,桑名市,赤尾台五丁目,桑名市 赤尾台五丁目,5110935,35.047142,136.623783,kuwanasi.zip,VERIFIED,PASSED_ALL_CHECKS
24205,桑名市,赤尾台六丁目,桑名市 赤尾台六丁目,5110935,35.046985,136.626606,kuwanasi.zip,VERIFIED,PASSED_ALL_CHECKS
24205,桑名市,赤尾台七丁目,桑名市 赤尾台七丁目,5110935,35.048522,136.626961,kuwanasi.zip,VERIFIED,PASSED_ALL_CHECKS
24205,桑名市,赤尾台八丁目,桑名市 赤尾台八丁目,5110935,35.050120,136.627296,kuwanasi.zip,VERIFIED,PASSED_ALL_CHECKS
24205,桑名市,赤尾台九丁目,桑名市 赤尾台九丁目,5110935,35.051561,136.626077,kuwanasi.zip,VERIFIED,PASSED_ALL_CHECKS
24205,桑名市,千代田町,桑名市 千代田町,5110058,35.059186,136.683896,kuwanasi.zip,VERIFIED,PASSED_ALL_CHECKS
24205,桑名市,川口町,桑名市 川口町,5110021,35.067353,136.696462,kuwanasi.zip,WARNING,WARNING_WATER_AREA (Ibi River (揖斐川))
24205,桑名市,川崎町,桑名市 川崎町,5110802,35.099307,136.665601,kuwanasi.zip,VERIFIED,PASSED_ALL_CHECKS
24205,桑名市,船馬町,桑名市 船馬町,5110011,35.068721,136.695657,kuwanasi.zip,WARNING,WARNING_WATER_AREA (Ibi River (揖斐川))
24205,桑名市,相生町,桑名市 相生町,5110016,35.066637,136.692448,kuwanasi.zip,WARNING,WARNING_WATER_AREA (Ibi River (揖斐川))
24205,桑名市,相川町,桑名市 相川町,5110052,35.057799,136.685895,kuwanasi.zip,VERIFIED,PASSED_ALL_CHECKS
24205,桑名市,多度町下野代,桑名市 多度町下野代,5110117,35.115377,136.648941,kuwanasi.zip,VERIFIED,PASSED_ALL_CHECKS
24205,桑名市,多度町古野,桑名市 多度町古野,5110122,35.143991,136.599657,kuwanasi.zip,VERIFIED,PASSED_ALL_CHECKS
24205,桑名市,多度町戸津,桑名市 多度町戸津,5110103,35.132559,136.644894,kuwanasi.zip,VERIFIED,PASSED_ALL_CHECKS
24205,桑名市,多度町御衣野,桑名市 多度町御衣野,5110118,35.108227,136.633078,kuwanasi.zip,VERIFIED,PASSED_ALL_CHECKS
24205,桑名市,多度町肱江,桑名市 多度町肱江,5110104,35.125468,136.648791,kuwanasi.zip,VERIFIED,PASSED_ALL_CHECKS
24205,桑名市,多度町香取,桑名市 多度町香取,5110102,35.136433,136.652348,kuwanasi.zip,VERIFIED,PASSED_ALL_CHECKS
24205,桑名市,多度町小山,桑名市 多度町小山,5110105,35.123212,136.632155,kuwanasi.zip,VERIFIED,PASSED_ALL_CHECKS
24205,桑名市,多度町上之郷,桑名市 多度町上之郷,5110113,35.137480,136.661221,kuwanasi.zip,VERIFIED,PASSED_ALL_CHECKS
24205,桑名市,多度町多度,桑名市 多度町多度,5110106,35.133916,136.627023,kuwanasi.zip,VERIFIED,PASSED_ALL_CHECKS
24205,桑名市,多度町多度一丁目,桑名市 多度町多度一丁目,5110106,35.132378,136.631436,kuwanasi.zip,VERIFIED,PASSED_ALL_CHECKS
24205,桑名市,多度町多度二丁目,桑名市 多度町多度二丁目,5110106,35.130473,136.631003,kuwanasi.zip,VERIFIED,PASSED_ALL_CHECKS
24205,桑名市,多度町大鳥居,桑名市 多度町大鳥居,5110116,35.120908,136.661570,kuwanasi.zip,VERIFIED,PASSED_ALL_CHECKS
24205,桑名市,多度町中須,桑名市 多度町中須,5110114,35.129011,136.657128,kuwanasi.zip,VERIFIED,PASSED_ALL_CHECKS
24205,桑名市,多度町猪飼,桑名市 多度町猪飼,5110124,35.119193,136.623021,kuwanasi.zip,VERIFIED,PASSED_ALL_CHECKS
24205,桑名市,多度町東平賀,桑名市 多度町東平賀,,35.162513,136.646203,kuwanasi.zip,VERIFIED,PASSED_ALL_CHECKS
24205,桑名市,多度町南之郷,桑名市 多度町南之郷,5110115,35.127902,136.666455,kuwanasi.zip,VERIFIED,PASSED_ALL_CHECKS
24205,桑名市,多度町美鹿,桑名市 多度町美鹿,5110121,35.155117,136.584837,kuwanasi.zip,VERIFIED,PASSED_ALL_CHECKS
24205,桑名市,多度町福永,桑名市 多度町福永,5110112,35.146287,136.654970,kuwanasi.zip,VERIFIED,PASSED_ALL_CHECKS
24205,桑名市,多度町平古,桑名市 多度町平古,5110111,35.158204,136.651400,kuwanasi.zip,VERIFIED,PASSED_ALL_CHECKS
24205,桑名市,多度町北猪飼,桑名市 多度町北猪飼,5110123,35.122927,136.617131,kuwanasi.zip,VERIFIED,PASSED_ALL_CHECKS
24205,桑名市,多度町柚井,桑名市 多度町柚井,5110101,35.142449,136.635051,kuwanasi.zip,VERIFIED,PASSED_ALL_CHECKS
24205,桑名市,多度町力尾,桑名市 多度町力尾,5110125,35.106507,136.613616,kuwanasi.zip,VERIFIED,PASSED_ALL_CHECKS
24205,桑名市,太一丸,桑名市 太一丸,5110005,35.070127,136.692480,kuwanasi.zip,WARNING,WARNING_WATER_AREA (Ibi River (揖斐川))
24205,桑名市,大央町,桑名市 大央町,5110065,35.061482,136.689876,kuwanasi.zip,VERIFIED,PASSED_ALL_CHECKS
24205,桑名市,大山田一丁目,桑名市 大山田一丁目,5110903,35.078884,136.640439,kuwanasi.zip,VERIFIED,PASSED_ALL_CHECKS
24205,桑名市,大山田二丁目,桑名市 大山田二丁目,5110903,35.081380,136.639627,kuwanasi.zip,VERIFIED,PASSED_ALL_CHECKS
24205,桑名市,大山田三丁目,桑名市 大山田三丁目,5110903,35.083281,136.638831,kuwanasi.zip,VERIFIED,PASSED_ALL_CHECKS
24205,桑名市,大山田四丁目,桑名市 大山田四丁目,5110903,35.084756,136.633663,kuwanasi.zip,VERIFIED,PASSED_ALL_CHECKS
24205,桑名市,大山田五丁目,桑名市 大山田五丁目,5110903,35.083110,136.634254,kuwanasi.zip,VERIFIED,PASSED_ALL_CHECKS
24205,桑名市,大山田六丁目,桑名市 大山田六丁目,5110903,35.081366,136.637078,kuwanasi.zip,VERIFIED,PASSED_ALL_CHECKS
24205,桑名市,大山田七丁目,桑名市 大山田七丁目,5110903,35.080852,136.635242,kuwanasi.zip,VERIFIED,PASSED_ALL_CHECKS
24205,桑名市,大山田八丁目,桑名市 大山田八丁目,5110903,35.078665,136.637355,kuwanasi.zip,VERIFIED,PASSED_ALL_CHECKS
24205,桑名市,大字安永,桑名市 大字安永,5110839,35.049870,136.679549,kuwanasi.zip,VERIFIED,PASSED_ALL_CHECKS
24205,桑名市,大字下深谷部,桑名市 大字下深谷部,5110808,35.095879,136.657110,kuwanasi.zip,VERIFIED,PASSED_ALL_CHECKS
24205,桑名市,大字嘉例川,桑名市 大字嘉例川,5110941,35.086959,136.619114,kuwanasi.zip,VERIFIED,PASSED_ALL_CHECKS
24205,桑名市,大字蛎塚新田,桑名市 大字蛎塚新田,5110861,35.086370,136.663957,kuwanasi.zip,VERIFIED,PASSED_ALL_CHECKS
24205,桑名市,大字額田,桑名市 大字額田,5110911,35.067009,136.639182,kuwanasi.zip,VERIFIED,PASSED_ALL_CHECKS
24205,桑名市,大字萱町,桑名市 大字萱町,5110044,35.031723,136.695891,kuwanasi.zip,WARNING,WARNING_WATER_AREA (Ibi River (揖斐川))
24205,桑名市,大字桑部,桑名市 大字桑部,5110923,35.048519,136.648826,kuwanasi.zip,VERIFIED,PASSED_ALL_CHECKS
24205,桑名市,大字桑名,桑名市 大字桑名,5110009,35.072865,136.691952,kuwanasi.zip,WARNING,WARNING_WATER_AREA (Ibi River (揖斐川))
24205,桑名市,大字五反田,桑名市 大字五反田,5110946,35.077428,136.614690,kuwanasi.zip,VERIFIED,PASSED_ALL_CHECKS
24205,桑名市,大字江場,桑名市 大字江場,5110836,35.051222,136.692204,kuwanasi.zip,WARNING,WARNING_WATER_AREA (Ibi River (揖斐川))
24205,桑名市,大字今島,桑名市 大字今島,5110801,35.110954,136.662390,kuwanasi.zip,VERIFIED,PASSED_ALL_CHECKS
24205,桑名市,大字坂井,桑名市 大字坂井,5110939,35.059273,136.631460,kuwanasi.zip,VERIFIED,PASSED_ALL_CHECKS
24205,桑名市,大字志知,桑名市 大字志知,5110937,35.053421,136.609417,kuwanasi.zip,VERIFIED,PASSED_ALL_CHECKS
24205,桑名市,大字小貝須,桑名市 大字小貝須,5110841,35.050991,136.699194,kuwanasi.zip,WARNING,WARNING_WATER_AREA (Ibi River (揖斐川))
24205,桑名市,大字小泉,桑名市 大字小泉,5110837,35.037573,136.688487,kuwanasi.zip,VERIFIED,PASSED_ALL_CHECKS
24205,桑名市,大字上深谷部,桑名市 大字上深谷部,5110809,35.106655,136.652994,kuwanasi.zip,VERIFIED,PASSED_ALL_CHECKS
24205,桑名市,大字上之輪新田,桑名市 大字上之輪新田,5110001,35.084007,136.683589,kuwanasi.zip,VERIFIED,PASSED_ALL_CHECKS
24205,桑名市,大字上野,桑名市 大字上野,5110825,35.062858,136.666543,kuwanasi.zip,VERIFIED,PASSED_ALL_CHECKS
24205,桑名市,大字森忠,桑名市 大字森忠,5110943,35.072360,136.623513,kuwanasi.zip,VERIFIED,PASSED_ALL_CHECKS
24205,桑名市,大字星川,桑名市 大字星川,5110912,35.068843,136.627199,kuwanasi.zip,VERIFIED,PASSED_ALL_CHECKS
24205,桑名市,大字西金井,桑名市 大字西金井,5110922,35.050531,136.662636,kuwanasi.zip,VERIFIED,PASSED_ALL_CHECKS
24205,桑名市,大字西汰上,桑名市 大字西汰上,5110807,35.085944,136.671348,kuwanasi.zip,VERIFIED,PASSED_ALL_CHECKS
24205,桑名市,大字西別所,桑名市 大字西別所,5110851,35.063117,136.660236,kuwanasi.zip,VERIFIED,PASSED_ALL_CHECKS
24205,桑名市,大字西方,桑名市 大字西方,5110864,35.074007,136.665192,kuwanasi.zip,VERIFIED,PASSED_ALL_CHECKS
24205,桑名市,大字赤須賀,桑名市 大字赤須賀,5110033,35.059548,136.702423,kuwanasi.zip,VERIFIED,PASSED_ALL_CHECKS
24205,桑名市,大字赤尾,桑名市 大字赤尾,5110934,35.050952,136.629362,kuwanasi.zip,VERIFIED,PASSED_ALL_CHECKS
24205,桑名市,大字増田,桑名市 大字増田,5110853,35.056475,136.646340,kuwanasi.zip,VERIFIED,PASSED_ALL_CHECKS
24205,桑名市,大字太夫,桑名市 大字太夫,5110826,35.064130,136.667524,kuwanasi.zip,VERIFIED,PASSED_ALL_CHECKS
24205,桑名市,大字太平町,桑名市 大字太平町,5110843,35.032251,136.706222,kuwanasi.zip,VERIFIED,PASSED_ALL_CHECKS
24205,桑名市,大字大貝須,桑名市 大字大貝須,5110848,35.040263,136.696760,kuwanasi.zip,WARNING,WARNING_WATER_AREA (Ibi River (揖斐川))
24205,桑名市,大字大仲新田,桑名市 大字大仲新田,5110947,35.078879,136.610151,kuwanasi.zip,VERIFIED,PASSED_ALL_CHECKS
24205,桑名市,大字大福,桑名市 大字大福,5110834,35.051818,136.685771,kuwanasi.zip,VERIFIED,PASSED_ALL_CHECKS
24205,桑名市,大字地蔵,桑名市 大字地蔵,5110034,35.053256,136.703612,kuwanasi.zip,VERIFIED,PASSED_ALL_CHECKS
24205,桑名市,大字島田,桑名市 大字島田,5110936,35.054085,136.620913,kuwanasi.zip,VERIFIED,PASSED_ALL_CHECKS
24205,桑名市,大字東金井,桑名市 大字東金井,5110921,35.050738,136.670729,kuwanasi.zip,VERIFIED,PASSED_ALL_CHECKS
24205,桑名市,大字東汰上,桑名市 大字東汰上,5110806,35.086188,136.675330,kuwanasi.zip,VERIFIED,PASSED_ALL_CHECKS
24205,桑名市,大字東方,桑名市 大字東方,5110811,35.070580,136.680518,kuwanasi.zip,VERIFIED,PASSED_ALL_CHECKS
24205,桑名市,大字東野,桑名市 大字東野,5110035,35.057393,136.697226,kuwanasi.zip,WARNING,WARNING_WATER_AREA (Ibi River (揖斐川))
24205,桑名市,大字能部,桑名市 大字能部,5110931,35.051716,136.636818,kuwanasi.zip,VERIFIED,PASSED_ALL_CHECKS
24205,桑名市,大字播磨,桑名市 大字播磨,5110862,35.086125,136.654318,kuwanasi.zip,VERIFIED,PASSED_ALL_CHECKS
24205,桑名市,大字繁松新田,桑名市 大字繁松新田,5110824,35.055027,136.673282,kuwanasi.zip,VERIFIED,PASSED_ALL_CHECKS
24205,桑名市,大字尾野山,桑名市 大字尾野山,5110812,35.065406,136.679250,kuwanasi.zip,VERIFIED,PASSED_ALL_CHECKS
24205,桑名市,大字稗田,桑名市 大字稗田,5110852,35.055826,136.658183,kuwanasi.zip,VERIFIED,PASSED_ALL_CHECKS
24205,桑名市,大字福岡町,桑名市 大字福岡町,5110844,35.026933,136.705463,kuwanasi.zip,VERIFIED,PASSED_ALL_CHECKS
24205,桑名市,大字福江,桑名市 大字福江,5110847,35.033582,136.695504,kuwanasi.zip,WARNING,WARNING_WATER_AREA (Ibi River (揖斐川))
24205,桑名市,大字福地,桑名市 大字福地,5110845,35.033128,136.699461,kuwanasi.zip,WARNING,WARNING_WATER_AREA (Ibi River (揖斐川))
24205,桑名市,大字福島,桑名市 大字福島,5110002,35.076557,136.688982,kuwanasi.zip,VERIFIED,PASSED_ALL_CHECKS
24205,桑名市,大字芳ケ崎,桑名市 大字芳ケ崎,5110944,35.071954,136.617833,kuwanasi.zip,VERIFIED,PASSED_ALL_CHECKS
24205,桑名市,大字北別所,桑名市 大字北別所,5110819,35.071055,136.674169,kuwanasi.zip,VERIFIED,PASSED_ALL_CHECKS
24205,桑名市,大字本願寺,桑名市 大字本願寺,5110835,35.054985,136.689105,kuwanasi.zip,VERIFIED,PASSED_ALL_CHECKS
24205,桑名市,大字矢田,桑名市 大字矢田,5110821,35.059386,136.678553,kuwanasi.zip,VERIFIED,PASSED_ALL_CHECKS
24205,桑名市,大字友村,桑名市 大字友村,5110938,35.058892,136.624018,kuwanasi.zip,VERIFIED,PASSED_ALL_CHECKS
24205,桑名市,大字立田町,桑名市 大字立田町,5110842,35.041913,136.704992,kuwanasi.zip,VERIFIED,PASSED_ALL_CHECKS
24205,桑名市,大字蓮花寺,桑名市 大字蓮花寺,5110854,35.070203,136.651470,kuwanasi.zip,VERIFIED,PASSED_ALL_CHECKS
24205,桑名市,大字和泉,桑名市 大字和泉,5110838,35.043486,136.686485,kuwanasi.zip,VERIFIED,PASSED_ALL_CHECKS
24205,桑名市,筑紫,桑名市 筑紫,5110945,35.072140,136.611522,kuwanasi.zip,VERIFIED,PASSED_ALL_CHECKS
24205,桑名市,中央町一丁目,桑名市 中央町一丁目,5110068,35.064079,136.684353,kuwanasi.zip,VERIFIED,PASSED_ALL_CHECKS
24205,桑名市,中央町二丁目,桑名市 中央町二丁目,5110068,35.062566,136.684038,kuwanasi.zip,VERIFIED,PASSED_ALL_CHECKS
24205,桑名市,中央町三丁目,桑名市 中央町三丁目,5110068,35.063602,136.687832,kuwanasi.zip,VERIFIED,PASSED_ALL_CHECKS
24205,桑名市,中央町四丁目,桑名市 中央町四丁目,5110068,35.062105,136.687395,kuwanasi.zip,VERIFIED,PASSED_ALL_CHECKS
24205,桑名市,中央町五丁目,桑名市 中央町五丁目,5110068,35.060611,136.686689,kuwanasi.zip,VERIFIED,PASSED_ALL_CHECKS
24205,桑名市,中山町,桑名市 中山町,5110914,35.068199,136.624314,kuwanasi.zip,VERIFIED,PASSED_ALL_CHECKS
24205,桑名市,長島町浦安,桑名市 長島町浦安,5111135,35.030585,136.732281,kuwanasi.zip,VERIFIED,PASSED_ALL_CHECKS
24205,桑名市,長島町押付,桑名市 長島町押付,5111113,35.102675,136.704382,kuwanasi.zip,VERIFIED,PASSED_ALL_CHECKS
24205,桑名市,長島町横満蔵,桑名市 長島町横満蔵,5111133,35.053392,136.727528,kuwanasi.zip,VERIFIED,PASSED_ALL_CHECKS
24205,桑名市,長島町下坂手,桑名市 長島町下坂手,5111106,35.112554,136.676035,kuwanasi.zip,VERIFIED,PASSED_ALL_CHECKS
24205,桑名市,長島町鎌ケ地,桑名市 長島町鎌ケ地,5111123,35.081609,136.713930,kuwanasi.zip,WARNING,WARNING_WATER_AREA (Nagara/Kiso River (長良川/木曽川))
24205,桑名市,長島町間々,桑名市 長島町間々,5111141,35.106835,136.692719,kuwanasi.zip,WARNING,WARNING_WATER_AREA (Ibi River (揖斐川))
24205,桑名市,長島町駒江,桑名市 長島町駒江,5111144,35.080822,136.704009,kuwanasi.zip,VERIFIED,PASSED_ALL_CHECKS
24205,桑名市,長島町源部外面,桑名市 長島町源部外面,5111125,35.086942,136.708329,kuwanasi.zip,VERIFIED,PASSED_ALL_CHECKS
24205,桑名市,長島町高座,桑名市 長島町高座,5111104,35.108276,136.687908,kuwanasi.zip,VERIFIED,PASSED_ALL_CHECKS
24205,桑名市,長島町十日外面,桑名市 長島町十日外面,5111146,35.084329,136.697529,kuwanasi.zip,WARNING,WARNING_WATER_AREA (Ibi River (揖斐川))
24205,桑名市,長島町出口,桑名市 長島町出口,5111142,35.101920,136.697292,kuwanasi.zip,WARNING,WARNING_WATER_AREA (Ibi River (揖斐川))
24205,桑名市,長島町小島,桑名市 長島町小島,5111111,35.111192,136.701611,kuwanasi.zip,VERIFIED,PASSED_ALL_CHECKS
24205,桑名市,長島町松ケ島,桑名市 長島町松ケ島,5111122,35.088559,136.713112,kuwanasi.zip,WARNING,WARNING_WATER_AREA (Nagara/Kiso River (長良川/木曽川))
24205,桑名市,長島町松蔭,桑名市 長島町松蔭,5111134,35.038525,136.732045,kuwanasi.zip,VERIFIED,PASSED_ALL_CHECKS
24205,桑名市,長島町松之木,桑名市 長島町松之木,5111109,35.128931,136.673663,kuwanasi.zip,VERIFIED,PASSED_ALL_CHECKS
24205,桑名市,長島町上坂手,桑名市 長島町上坂手,5111107,35.118600,136.676929,kuwanasi.zip,VERIFIED,PASSED_ALL_CHECKS
24205,桑名市,長島町新所,桑名市 長島町新所,5111101,35.123100,136.684405,kuwanasi.zip,VERIFIED,PASSED_ALL_CHECKS
24205,桑名市,長島町杉江,桑名市 長島町杉江,5111108,35.121903,136.678770,kuwanasi.zip,VERIFIED,PASSED_ALL_CHECKS
24205,桑名市,長島町西外面,桑名市 長島町西外面,5111143,35.093864,136.689980,kuwanasi.zip,VERIFIED,PASSED_ALL_CHECKS
24205,桑名市,長島町西外面市街,桑名市 長島町西外面市街,5111149,35.092392,136.699188,kuwanasi.zip,WARNING,WARNING_WATER_AREA (Ibi River (揖斐川))
24205,桑名市,長島町西川,桑名市 長島町西川,5111102,35.116896,136.686028,kuwanasi.zip,VERIFIED,PASSED_ALL_CHECKS
24205,桑名市,長島町赤地,桑名市 長島町赤地,5111131,35.069857,136.713042,kuwanasi.zip,WARNING,WARNING_WATER_AREA (Nagara/Kiso River (長良川/木曽川))
24205,桑名市,長島町千倉,桑名市 長島町千倉,5111105,35.102584,136.680154,kuwanasi.zip,VERIFIED,PASSED_ALL_CHECKS
24205,桑名市,長島町大倉,桑名市 長島町大倉,5111112,35.107328,136.701399,kuwanasi.zip,VERIFIED,PASSED_ALL_CHECKS
24205,桑名市,長島町大島,桑名市 長島町大島,5111145,35.075518,136.706533,kuwanasi.zip,VERIFIED,PASSED_ALL_CHECKS
24205,桑名市,長島町中川,桑名市 長島町中川,5111103,35.114552,136.690880,kuwanasi.zip,WARNING,WARNING_WATER_AREA (Ibi River (揖斐川))
24205,桑名市,長島町長島下町,桑名市 長島町長島下町,5111114,35.092345,136.700082,kuwanasi.zip,WARNING,WARNING_WATER_AREA (Ibi River (揖斐川))
24205,桑名市,長島町長島萱町,桑名市 長島町長島萱町,5111116,35.094475,136.700925,kuwanasi.zip,WARNING,WARNING_WATER_AREA (Ibi River (揖斐川))
24205,桑名市,長島町長島中町,桑名市 長島町長島中町,5111115,35.093421,136.700093,kuwanasi.zip,WARNING,WARNING_WATER_AREA (Ibi River (揖斐川))
24205,桑名市,長島町殿名,桑名市 長島町殿名,5111127,35.095675,136.706495,kuwanasi.zip,VERIFIED,PASSED_ALL_CHECKS
24205,桑名市,長島町東殿名,桑名市 長島町東殿名,5111121,35.097360,136.711405,kuwanasi.zip,WARNING,WARNING_WATER_AREA (Nagara/Kiso River (長良川/木曽川))
24205,桑名市,長島町白鶏,桑名市 長島町白鶏,5111136,35.043810,136.719317,kuwanasi.zip,WARNING,WARNING_WATER_AREA (Nagara/Kiso River (長良川/木曽川))
24205,桑名市,長島町福吉,桑名市 長島町福吉,5111137,35.055255,136.716615,kuwanasi.zip,WARNING,WARNING_WATER_AREA (Nagara/Kiso River (長良川/木曽川))
24205,桑名市,長島町福豊,桑名市 長島町福豊,5111132,35.064350,136.715326,kuwanasi.zip,WARNING,WARNING_WATER_AREA (Nagara/Kiso River (長良川/木曽川))
24205,桑名市,長島町平方,桑名市 長島町平方,5111147,35.102206,136.689071,kuwanasi.zip,VERIFIED,PASSED_ALL_CHECKS
24205,桑名市,長島町北殿名,桑名市 長島町北殿名,5111148,35.103858,136.702863,kuwanasi.zip,VERIFIED,PASSED_ALL_CHECKS
24205,桑名市,長島町又木,桑名市 長島町又木,5111126,35.093677,136.703353,kuwanasi.zip,VERIFIED,PASSED_ALL_CHECKS
24205,桑名市,長島町又木市街,桑名市 長島町又木市街,5111128,35.094597,136.699565,kuwanasi.zip,WARNING,WARNING_WATER_AREA (Ibi River (揖斐川))
24205,桑名市,長島町老松,桑名市 長島町老松,,35.039747,136.749632,kuwanasi.zip,VERIFIED,PASSED_ALL_CHECKS
24205,桑名市,長島町葭ケ須,桑名市 長島町葭ケ須,5111124,35.077011,136.715532,kuwanasi.zip,WARNING,WARNING_WATER_AREA (Nagara/Kiso River (長良川/木曽川))
24205,桑名市,堤原,桑名市 堤原,5110072,35.067750,136.689205,kuwanasi.zip,VERIFIED,PASSED_ALL_CHECKS
24205,桑名市,伝馬町,桑名市 伝馬町,5110045,35.056892,136.689399,kuwanasi.zip,VERIFIED,PASSED_ALL_CHECKS
24205,桑名市,殿町,桑名市 殿町,5110015,35.066241,136.693137,kuwanasi.zip,WARNING,WARNING_WATER_AREA (Ibi River (揖斐川))
24205,桑名市,田町,桑名市 田町,5110089,35.065872,136.694127,kuwanasi.zip,WARNING,WARNING_WATER_AREA (Ibi River (揖斐川))
24205,桑名市,東正和台一丁目,桑名市 東正和台一丁目,5110932,35.050999,136.633441,kuwanasi.zip,VERIFIED,PASSED_ALL_CHECKS
24205,桑名市,東正和台二丁目,桑名市 東正和台二丁目,5110932,35.048386,136.633566,kuwanasi.zip,VERIFIED,PASSED_ALL_CHECKS
24205,桑名市,東正和台三丁目,桑名市 東正和台三丁目,5110932,35.047374,136.635256,kuwanasi.zip,VERIFIED,PASSED_ALL_CHECKS
24205,桑名市,東正和台四丁目,桑名市 東正和台四丁目,5110932,35.049096,136.635849,kuwanasi.zip,VERIFIED,PASSED_ALL_CHECKS
24205,桑名市,東正和台五丁目,桑名市 東正和台五丁目,5110932,35.050666,136.637779,kuwanasi.zip,VERIFIED,PASSED_ALL_CHECKS
24205,桑名市,東正和台六丁目,桑名市 東正和台六丁目,5110932,35.049287,136.637869,kuwanasi.zip,VERIFIED,PASSED_ALL_CHECKS
24205,桑名市,東正和台七丁目,桑名市 東正和台七丁目,5110932,35.048233,136.637944,kuwanasi.zip,VERIFIED,PASSED_ALL_CHECKS
24205,桑名市,東太一丸,桑名市 東太一丸,5110003,35.071942,136.692632,kuwanasi.zip,WARNING,WARNING_WATER_AREA (Ibi River (揖斐川))
24205,桑名市,東鍋屋町,桑名市 東鍋屋町,5110053,35.055769,136.688584,kuwanasi.zip,VERIFIED,PASSED_ALL_CHECKS
24205,桑名市,東矢田町,桑名市 東矢田町,5110055,35.057142,136.685102,kuwanasi.zip,VERIFIED,PASSED_ALL_CHECKS
24205,桑名市,筒尾一丁目,桑名市 筒尾一丁目,5110901,35.078726,136.649092,kuwanasi.zip,VERIFIED,PASSED_ALL_CHECKS
24205,桑名市,筒尾二丁目,桑名市 筒尾二丁目,5110901,35.080018,136.649706,kuwanasi.zip,VERIFIED,PASSED_ALL_CHECKS
24205,桑名市,筒尾三丁目,桑名市 筒尾三丁目,5110901,35.081743,136.651546,kuwanasi.zip,VERIFIED,PASSED_ALL_CHECKS
24205,桑名市,筒尾四丁目,桑名市 筒尾四丁目,5110901,35.082635,136.648352,kuwanasi.zip,VERIFIED,PASSED_ALL_CHECKS
24205,桑名市,筒尾五丁目,桑名市 筒尾五丁目,5110901,35.083427,136.643845,kuwanasi.zip,VERIFIED,PASSED_ALL_CHECKS
24205,桑名市,筒尾六丁目,桑名市 筒尾六丁目,5110901,35.081921,136.646027,kuwanasi.zip,VERIFIED,PASSED_ALL_CHECKS
24205,桑名市,筒尾七丁目,桑名市 筒尾七丁目,5110901,35.082119,136.642871,kuwanasi.zip,VERIFIED,PASSED_ALL_CHECKS
24205,桑名市,筒尾八丁目,桑名市 筒尾八丁目,5110901,35.079901,136.643206,kuwanasi.zip,VERIFIED,PASSED_ALL_CHECKS
24205,桑名市,筒尾九丁目,桑名市 筒尾九丁目,5110901,35.079873,136.646004,kuwanasi.zip,VERIFIED,PASSED_ALL_CHECKS
24205,桑名市,藤が丘一丁目,桑名市 藤が丘一丁目,5110865,35.077793,136.654745,kuwanasi.zip,VERIFIED,PASSED_ALL_CHECKS
24205,桑名市,藤が丘二丁目,桑名市 藤が丘二丁目,5110865,35.080582,136.653167,kuwanasi.zip,VERIFIED,PASSED_ALL_CHECKS
24205,桑名市,藤が丘三丁目,桑名市 藤が丘三丁目,5110865,35.077758,136.652043,kuwanasi.zip,VERIFIED,PASSED_ALL_CHECKS
24205,桑名市,藤が丘四丁目,桑名市 藤が丘四丁目,5110865,35.075965,136.650589,kuwanasi.zip,VERIFIED,PASSED_ALL_CHECKS
24205,桑名市,藤が丘五丁目,桑名市 藤が丘五丁目,5110865,35.073758,136.649901,kuwanasi.zip,VERIFIED,PASSED_ALL_CHECKS
24205,桑名市,藤が丘六丁目,桑名市 藤が丘六丁目,5110865,35.074410,136.647778,kuwanasi.zip,VERIFIED,PASSED_ALL_CHECKS
24205,桑名市,藤が丘七丁目,桑名市 藤が丘七丁目,5110865,35.072076,136.647611,kuwanasi.zip,VERIFIED,PASSED_ALL_CHECKS
24205,桑名市,藤が丘八丁目,桑名市 藤が丘八丁目,5110865,35.072885,136.650733,kuwanasi.zip,VERIFIED,PASSED_ALL_CHECKS
24205,桑名市,藤が丘九丁目,桑名市 藤が丘九丁目,5110865,35.075246,136.653913,kuwanasi.zip,VERIFIED,PASSED_ALL_CHECKS
24205,桑名市,内堀,桑名市 内堀,5110038,35.061777,136.694865,kuwanasi.zip,WARNING,WARNING_WATER_AREA (Ibi River (揖斐川))
24205,桑名市,縄生,桑名市 縄生,,35.040322,136.684572,kuwanasi.zip,VERIFIED,PASSED_ALL_CHECKS
24205,桑名市,南魚町,桑名市 南魚町,5110088,35.064828,136.693742,kuwanasi.zip,WARNING,WARNING_WATER_AREA (Ibi River (揖斐川))
24205,桑名市,南寺町,桑名市 南寺町,5110074,35.064460,136.692318,kuwanasi.zip,WARNING,WARNING_WATER_AREA (Ibi River (揖斐川))
24205,桑名市,入江葭町,桑名市 入江葭町,5110086,35.061252,136.692438,kuwanasi.zip,WARNING,WARNING_WATER_AREA (Ibi River (揖斐川))
24205,桑名市,馬道一丁目,桑名市 馬道一丁目,5110822,35.059303,136.680713,kuwanasi.zip,VERIFIED,PASSED_ALL_CHECKS
24205,桑名市,梅園通,桑名市 梅園通,5110815,35.066499,136.673102,kuwanasi.zip,VERIFIED,PASSED_ALL_CHECKS
24205,桑名市,八間通,桑名市 八間通,5110076,35.066690,136.690255,kuwanasi.zip,WARNING,WARNING_WATER_AREA (Ibi River (揖斐川))
24205,桑名市,八幡町,桑名市 八幡町,5110049,35.059050,136.693536,kuwanasi.zip,WARNING,WARNING_WATER_AREA (Ibi River (揖斐川))
24205,桑名市,枇杷島台,桑名市 枇杷島台,5110803,35.099640,136.664560,kuwanasi.zip,VERIFIED,PASSED_ALL_CHECKS
24205,桑名市,風呂町,桑名市 風呂町,5110025,35.067123,136.695125,kuwanasi.zip,WARNING,WARNING_WATER_AREA (Ibi River (揖斐川))
24205,桑名市,福江町,桑名市 福江町,5110833,35.056611,136.681491,kuwanasi.zip,VERIFIED,PASSED_ALL_CHECKS
24205,桑名市,福島新町,桑名市 福島新町,5110027,35.077536,136.682186,kuwanasi.zip,VERIFIED,PASSED_ALL_CHECKS
24205,桑名市,片町,桑名市 片町,5110081,35.064259,136.695726,kuwanasi.zip,WARNING,WARNING_WATER_AREA (Ibi River (揖斐川))
24205,桑名市,宝殿町,桑名市 宝殿町,5110013,35.067601,136.693982,kuwanasi.zip,WARNING,WARNING_WATER_AREA (Ibi River (揖斐川))
24205,桑名市,北魚町,桑名市 北魚町,5110024,35.066181,136.695020,kuwanasi.zip,WARNING,WARNING_WATER_AREA (Ibi River (揖斐川))
24205,桑名市,北寺町,桑名市 北寺町,5110073,35.066185,136.691684,kuwanasi.zip,WARNING,WARNING_WATER_AREA (Ibi River (揖斐川))
24205,桑名市,北川原台,桑名市 北川原台,5110804,35.099364,136.662991,kuwanasi.zip,VERIFIED,PASSED_ALL_CHECKS
24205,桑名市,北鍋屋町,桑名市 北鍋屋町,5110066,35.059335,136.687549,kuwanasi.zip,VERIFIED,PASSED_ALL_CHECKS
24205,桑名市,本町,桑名市 本町,5110023,35.066657,136.695701,kuwanasi.zip,WARNING,WARNING_WATER_AREA (Ibi River (揖斐川))
24205,桑名市,末広町,桑名市 末広町,5110077,35.067105,136.688211,kuwanasi.zip,VERIFIED,PASSED_ALL_CHECKS
24205,桑名市,明正町,桑名市 明正町,5110823,35.058066,136.675441,kuwanasi.zip,VERIFIED,PASSED_ALL_CHECKS
24205,桑名市,野田一丁目,桑名市 野田一丁目,5110904,35.078433,136.633607,kuwanasi.zip,VERIFIED,PASSED_ALL_CHECKS
24205,桑名市,野田二丁目,桑名市 野田二丁目,5110904,35.079889,136.632963,kuwanasi.zip,VERIFIED,PASSED_ALL_CHECKS
24205,桑名市,野田三丁目,桑名市 野田三丁目,5110904,35.081670,136.631383,kuwanasi.zip,VERIFIED,PASSED_ALL_CHECKS
24205,桑名市,野田四丁目,桑名市 野田四丁目,5110904,35.083859,136.630139,kuwanasi.zip,VERIFIED,PASSED_ALL_CHECKS
24205,桑名市,野田五丁目,桑名市 野田五丁目,5110904,35.081305,136.628627,kuwanasi.zip,VERIFIED,PASSED_ALL_CHECKS
24205,桑名市,野田六丁目,桑名市 野田六丁目,5110904,35.078336,136.629939,kuwanasi.zip,VERIFIED,PASSED_ALL_CHECKS
24205,桑名市,矢田磧,桑名市 矢田磧,5110051,35.058902,136.685509,kuwanasi.zip,VERIFIED,PASSED_ALL_CHECKS
24205,桑名市,柳原,桑名市 柳原,5110042,35.058747,136.696262,kuwanasi.zip,WARNING,WARNING_WATER_AREA (Ibi River (揖斐川))
24205,桑名市,油町,桑名市 油町,5110084,35.064437,136.694404,kuwanasi.zip,WARNING,WARNING_WATER_AREA (Ibi River (揖斐川))
24205,桑名市,有楽町,桑名市 有楽町,5110079,35.067567,136.685656,kuwanasi.zip,VERIFIED,PASSED_ALL_CHECKS
24205,桑名市,陽だまりの丘一丁目,桑名市 陽だまりの丘一丁目,5110867,35.085973,136.648477,kuwanasi.zip,VERIFIED,PASSED_ALL_CHECKS
24205,桑名市,陽だまりの丘二丁目,桑名市 陽だまりの丘二丁目,5110867,35.086456,136.643827,kuwanasi.zip,VERIFIED,PASSED_ALL_CHECKS
24205,桑名市,陽だまりの丘三丁目,桑名市 陽だまりの丘三丁目,5110867,35.091189,136.643830,kuwanasi.zip,VERIFIED,PASSED_ALL_CHECKS
24205,桑名市,陽だまりの丘四丁目,桑名市 陽だまりの丘四丁目,5110867,35.090055,136.639782,kuwanasi.zip,VERIFIED,PASSED_ALL_CHECKS
24205,桑名市,陽だまりの丘五丁目,桑名市 陽だまりの丘五丁目,5110867,35.093327,136.636651,kuwanasi.zip,VERIFIED,PASSED_ALL_CHECKS
24205,桑名市,陽だまりの丘六丁目,桑名市 陽だまりの丘六丁目,5110867,35.090902,136.635888,kuwanasi.zip,VERIFIED,PASSED_ALL_CHECKS
24205,桑名市,陽だまりの丘七丁目,桑名市 陽だまりの丘七丁目,5110867,35.087060,136.638117,kuwanasi.zip,VERIFIED,PASSED_ALL_CHECKS
24205,桑名市,陽だまりの丘八丁目,桑名市 陽だまりの丘八丁目,5110867,35.085712,136.635470,kuwanasi.zip,VERIFIED,PASSED_ALL_CHECKS
24205,桑名市,里町,桑名市 里町,5110913,35.065360,136.623063,kuwanasi.zip,VERIFIED,PASSED_ALL_CHECKS
24205,桑名市,立花町一丁目,桑名市 立花町一丁目,5110828,35.063923,136.673931,kuwanasi.zip,VERIFIED,PASSED_ALL_CHECKS
24205,桑名市,立花町二丁目,桑名市 立花町二丁目,5110828,35.063103,136.673893,kuwanasi.zip,VERIFIED,PASSED_ALL_CHECKS
24205,桑名市,蓮見町,桑名市 蓮見町,5110008,35.069546,136.689814,kuwanasi.zip,VERIFIED,PASSED_ALL_CHECKS
24205,桑名市,巖新田,桑名市 巖新田,,35.063340,136.624903,kuwanasi.zip,VERIFIED,PASSED_ALL_CHECKS
24205,桑名市,鍜冶町,桑名市 鍜冶町,5110047,35.061179,136.691009,kuwanasi.zip,WARNING,WARNING_WATER_AREA (Ibi River (揖斐川))
24214,いなべ市,員弁町石仏,いなべ市 員弁町石仏,5110204,35.110331,136.563477,inabesi.zip,VERIFIED,PASSED_ALL_CHECKS
24214,いなべ市,員弁町市之原,いなべ市 員弁町市之原,5110201,35.148834,136.563893,inabesi.zip,VERIFIED,PASSED_ALL_CHECKS
24214,いなべ市,員弁町宇野,いなべ市 員弁町宇野,5110206,35.120012,136.552102,inabesi.zip,VERIFIED,PASSED_ALL_CHECKS
24214,いなべ市,員弁町大泉,いなべ市 員弁町大泉,5110224,35.097076,136.568894,inabesi.zip,VERIFIED,PASSED_ALL_CHECKS
24214,いなべ市,員弁町大泉新田,いなべ市 員弁町大泉新田,5110217,35.106259,136.567910,inabesi.zip,VERIFIED,PASSED_ALL_CHECKS
24214,いなべ市,員弁町岡丁田,いなべ市 員弁町岡丁田,5110214,35.104921,136.578802,inabesi.zip,VERIFIED,PASSED_ALL_CHECKS
24214,いなべ市,員弁町笠田新田,いなべ市 員弁町笠田新田,5110205,35.123383,136.556291,inabesi.zip,VERIFIED,PASSED_ALL_CHECKS
24214,いなべ市,員弁町上笠田,いなべ市 員弁町上笠田,5110207,35.126234,136.548531,inabesi.zip,VERIFIED,PASSED_ALL_CHECKS
24214,いなべ市,員弁町北金井,いなべ市 員弁町北金井,5110223,35.100594,136.556621,inabesi.zip,VERIFIED,PASSED_ALL_CHECKS
24214,いなべ市,員弁町暮明,いなべ市 員弁町暮明,5110213,35.113240,136.584414,inabesi.zip,VERIFIED,PASSED_ALL_CHECKS
24214,いなべ市,員弁町下笠田,いなべ市 員弁町下笠田,5110221,35.110765,136.550868,inabesi.zip,VERIFIED,PASSED_ALL_CHECKS
24214,いなべ市,員弁町楚原,いなべ市 員弁町楚原,5110202,35.120208,136.566109,inabesi.zip,VERIFIED,PASSED_ALL_CHECKS
24214,いなべ市,員弁町西方,いなべ市 員弁町西方,5110225,35.095326,136.561732,inabesi.zip,VERIFIED,PASSED_ALL_CHECKS
24214,いなべ市,員弁町畑新田,いなべ市 員弁町畑新田,5110203,35.115594,136.569366,inabesi.zip,VERIFIED,PASSED_ALL_CHECKS
24214,いなべ市,員弁町坂東新田,いなべ市 員弁町坂東新田,5110208,35.134959,136.555705,inabesi.zip,VERIFIED,PASSED_ALL_CHECKS
24214,いなべ市,員弁町東一色,いなべ市 員弁町東一色,5110215,35.092617,136.572260,inabesi.zip,VERIFIED,PASSED_ALL_CHECKS
24214,いなべ市,員弁町平古,いなべ市 員弁町平古,5110212,35.127660,136.576645,inabesi.zip,VERIFIED,PASSED_ALL_CHECKS
24214,いなべ市,員弁町松名新田,いなべ市 員弁町松名新田,5110211,35.132761,136.577756,inabesi.zip,VERIFIED,PASSED_ALL_CHECKS
24214,いなべ市,員弁町松之木,いなべ市 員弁町松之木,5110216,35.107121,136.573440,inabesi.zip,VERIFIED,PASSED_ALL_CHECKS
24214,いなべ市,員弁町御薗,いなべ市 員弁町御薗,5110222,35.108278,136.555061,inabesi.zip,VERIFIED,PASSED_ALL_CHECKS
24214,いなべ市,大安町石榑北,いなべ市 大安町石榑北,5110265,35.112597,136.500909,inabesi.zip,VERIFIED,PASSED_ALL_CHECKS
24214,いなべ市,大安町石榑北山,いなべ市 大安町石榑北山,5110267,35.121822,136.490735,inabesi.zip,VERIFIED,PASSED_ALL_CHECKS
24214,いなべ市,大安町石榑下,いなべ市 大安町石榑下,5110276,35.110354,136.529361,inabesi.zip,VERIFIED,PASSED_ALL_CHECKS
24214,いなべ市,大安町石榑東,いなべ市 大安町石榑東,5110264,35.107611,136.518728,inabesi.zip,VERIFIED,PASSED_ALL_CHECKS
24214,いなべ市,大安町石榑南,いなべ市 大安町石榑南,5110266,35.105592,136.474479,inabesi.zip,VERIFIED,PASSED_ALL_CHECKS
24214,いなべ市,大安町宇賀,いなべ市 大安町宇賀,5110286,35.094744,136.497906,inabesi.zip,VERIFIED,PASSED_ALL_CHECKS
24214,いなべ市,大安町宇賀新田,いなべ市 大安町宇賀新田,5110285,35.092282,136.513402,inabesi.zip,VERIFIED,PASSED_ALL_CHECKS
24214,いなべ市,大安町梅戸,いなべ市 大安町梅戸,5110284,35.072160,136.556915,inabesi.zip,VERIFIED,PASSED_ALL_CHECKS
24214,いなべ市,大安町大泉,いなべ市 大安町大泉,5110282,35.085243,136.561569,inabesi.zip,VERIFIED,PASSED_ALL_CHECKS
24214,いなべ市,大安町大井田,いなべ市 大安町大井田,5110274,35.092700,136.539712,inabesi.zip,VERIFIED,PASSED_ALL_CHECKS
24214,いなべ市,大安町片樋,いなべ市 大安町片樋,5110271,35.120036,136.533602,inabesi.zip,VERIFIED,PASSED_ALL_CHECKS
24214,いなべ市,大安町高柳,いなべ市 大安町高柳,5110272,35.109107,136.543148,inabesi.zip,VERIFIED,PASSED_ALL_CHECKS
24214,いなべ市,大安町中央ヶ丘一丁目,いなべ市 大安町中央ヶ丘一丁目,5110287,35.099133,136.531981,inabesi.zip,VERIFIED,PASSED_ALL_CHECKS
24214,いなべ市,大安町中央ヶ丘二丁目,いなべ市 大安町中央ヶ丘二丁目,5110287,35.101648,136.532770,inabesi.zip,VERIFIED,PASSED_ALL_CHECKS
24214,いなべ市,大安町中央ヶ丘三丁目,いなべ市 大安町中央ヶ丘三丁目,5110287,35.101137,136.529838,inabesi.zip,VERIFIED,PASSED_ALL_CHECKS
24214,いなべ市,大安町鍋坂,いなべ市 大安町鍋坂,5110275,35.095811,136.520959,inabesi.zip,VERIFIED,PASSED_ALL_CHECKS
24214,いなべ市,大安町丹生川上,いなべ市 大安町丹生川上,5110261,35.122389,136.503967,inabesi.zip,VERIFIED,PASSED_ALL_CHECKS
24214,いなべ市,大安町丹生川中,いなべ市 大安町丹生川中,5110262,35.121622,136.518334,inabesi.zip,VERIFIED,PASSED_ALL_CHECKS
24214,いなべ市,大安町丹生川久下,いなべ市 大安町丹生川久下,5110263,35.121785,136.526511,inabesi.zip,VERIFIED,PASSED_ALL_CHECKS
24214,いなべ市,大安町平塚,いなべ市 大安町平塚,5110273,35.104135,136.533419,inabesi.zip,VERIFIED,PASSED_ALL_CHECKS
24214,いなべ市,大安町南金井,いなべ市 大安町南金井,5110283,35.077889,136.539499,inabesi.zip,VERIFIED,PASSED_ALL_CHECKS
24214,いなべ市,大安町門前,いなべ市 大安町門前,5110281,35.084447,136.547856,inabesi.zip,VERIFIED,PASSED_ALL_CHECKS
24214,いなべ市,藤原町石川,いなべ市 藤原町石川,5110514,35.154678,136.502973,inabesi.zip,VERIFIED,PASSED_ALL_CHECKS
24214,いなべ市,藤原町市場,いなべ市 藤原町市場,5110511,35.176330,136.492037,inabesi.zip,VERIFIED,PASSED_ALL_CHECKS
24214,いなべ市,藤原町上之山田,いなべ市 藤原町上之山田,5110507,35.215848,136.477452,inabesi.zip,VERIFIED,PASSED_ALL_CHECKS
24214,いなべ市,藤原町大貝戸,いなべ市 藤原町大貝戸,5110517,35.168472,136.475494,inabesi.zip,VERIFIED,PASSED_ALL_CHECKS
24214,いなべ市,藤原町鼎,いなべ市 藤原町鼎,5110501,35.226512,136.488574,inabesi.zip,VERIFIED,PASSED_ALL_CHECKS
24214,いなべ市,藤原町上相場,いなべ市 藤原町上相場,5110502,35.201319,136.498639,inabesi.zip,VERIFIED,PASSED_ALL_CHECKS
24214,いなべ市,藤原町川合,いなべ市 藤原町川合,5110504,35.172684,136.502248,inabesi.zip,VERIFIED,PASSED_ALL_CHECKS
24214,いなべ市,藤原町坂本,いなべ市 藤原町坂本,5110518,35.175942,136.459173,inabesi.zip,VERIFIED,PASSED_ALL_CHECKS
24214,いなべ市,藤原町篠立,いなべ市 藤原町篠立,5110522,35.213723,136.445127,inabesi.zip,VERIFIED,PASSED_ALL_CHECKS
24214,いなべ市,藤原町下相場,いなべ市 藤原町下相場,5110503,35.176778,136.505314,inabesi.zip,VERIFIED,PASSED_ALL_CHECKS
24214,いなべ市,藤原町下野尻,いなべ市 藤原町下野尻,5110513,35.158496,136.503155,inabesi.zip,VERIFIED,PASSED_ALL_CHECKS
24214,いなべ市,藤原町志礼石新田,いなべ市 藤原町志礼石新田,5110512,35.169898,136.497403,inabesi.zip,VERIFIED,PASSED_ALL_CHECKS
24214,いなべ市,藤原町東禅寺,いなべ市 藤原町東禅寺,5110515,35.148383,136.492198,inabesi.zip,VERIFIED,PASSED_ALL_CHECKS
24214,いなべ市,藤原町長尾,いなべ市 藤原町長尾,5110506,35.186417,136.496162,inabesi.zip,VERIFIED,PASSED_ALL_CHECKS
24214,いなべ市,藤原町西野尻,いなべ市 藤原町西野尻,5110516,35.163744,136.488489,inabesi.zip,VERIFIED,PASSED_ALL_CHECKS
24214,いなべ市,藤原町日内,いなべ市 藤原町日内,5110505,35.181739,136.498503,inabesi.zip,VERIFIED,PASSED_ALL_CHECKS
24214,いなべ市,藤原町藤ヶ丘,いなべ市 藤原町藤ヶ丘,5110508,35.191596,136.486141,inabesi.zip,VERIFIED,PASSED_ALL_CHECKS
24214,いなべ市,藤原町古田,いなべ市 藤原町古田,5110521,35.228011,136.459418,inabesi.zip,VERIFIED,PASSED_ALL_CHECKS
24214,いなべ市,藤原町本郷,いなべ市 藤原町本郷,5110523,35.193275,136.423219,inabesi.zip,VERIFIED,PASSED_ALL_CHECKS
24214,いなべ市,藤原町山口,いなべ市 藤原町山口,5110524,35.188689,136.451236,inabesi.zip,VERIFIED,PASSED_ALL_CHECKS
24214,いなべ市,北勢町阿下喜,いなべ市 北勢町阿下喜,5110428,35.151621,136.518899,inabesi.zip,VERIFIED,PASSED_ALL_CHECKS
24214,いなべ市,北勢町飯倉,いなべ市 北勢町飯倉,5110416,35.160906,136.521426,inabesi.zip,VERIFIED,PASSED_ALL_CHECKS
24214,いなべ市,北勢町麻生田,いなべ市 北勢町麻生田,5110427,35.133366,136.536054,inabesi.zip,VERIFIED,PASSED_ALL_CHECKS
24214,いなべ市,北勢町大辻新田,いなべ市 北勢町大辻新田,5110425,35.149247,136.540276,inabesi.zip,VERIFIED,PASSED_ALL_CHECKS
24214,いなべ市,北勢町奥村,いなべ市 北勢町奥村,5110435,35.128650,136.499653,inabesi.zip,VERIFIED,PASSED_ALL_CHECKS
24214,いなべ市,北勢町垣内,いなべ市 北勢町垣内,5110437,35.136094,136.501061,inabesi.zip,VERIFIED,PASSED_ALL_CHECKS
24214,いなべ市,北勢町川原,いなべ市 北勢町川原,5110401,35.222717,136.509683,inabesi.zip,VERIFIED,PASSED_ALL_CHECKS
24214,いなべ市,北勢町北中津原,いなべ市 北勢町北中津原,5110422,35.170411,136.559622,inabesi.zip,VERIFIED,PASSED_ALL_CHECKS
24214,いなべ市,北勢町京ヶ野新田,いなべ市 北勢町京ヶ野新田,5110411,35.181891,136.511670,inabesi.zip,VERIFIED,PASSED_ALL_CHECKS
24214,いなべ市,北勢町小原一色,いなべ市 北勢町小原一色,5110404,35.198413,136.558505,inabesi.zip,VERIFIED,PASSED_ALL_CHECKS
24214,いなべ市,北勢町塩崎,いなべ市 北勢町塩崎,5110406,35.186553,136.520283,inabesi.zip,VERIFIED,PASSED_ALL_CHECKS
24214,いなべ市,北勢町下平,いなべ市 北勢町下平,5110418,35.168644,136.520129,inabesi.zip,VERIFIED,PASSED_ALL_CHECKS
24214,いなべ市,北勢町新町,いなべ市 北勢町新町,5110436,35.135407,136.458051,inabesi.zip,VERIFIED,PASSED_ALL_CHECKS
24214,いなべ市,北勢町瀬木,いなべ市 北勢町瀬木,5110417,35.157981,136.508958,inabesi.zip,VERIFIED,PASSED_ALL_CHECKS
24214,いなべ市,北勢町千司久連新田,いなべ市 北勢町千司久連新田,5110402,35.208716,136.524215,inabesi.zip,VERIFIED,PASSED_ALL_CHECKS
24214,いなべ市,北勢町其原,いなべ市 北勢町其原,5110426,35.138062,136.543225,inabesi.zip,VERIFIED,PASSED_ALL_CHECKS
24214,いなべ市,北勢町田辺,いなべ市 北勢町田辺,5110405,35.196552,136.522513,inabesi.zip,VERIFIED,PASSED_ALL_CHECKS
24214,いなべ市,北勢町皷,いなべ市 北勢町皷,5110421,35.171707,136.547630,inabesi.zip,VERIFIED,PASSED_ALL_CHECKS
24214,いなべ市,北勢町中山,いなべ市 北勢町中山,5110433,35.130776,136.516905,inabesi.zip,VERIFIED,PASSED_ALL_CHECKS
24214,いなべ市,北勢町西貝野,いなべ市 北勢町西貝野,5110414,35.172376,136.529365,inabesi.zip,VERIFIED,PASSED_ALL_CHECKS
24214,いなべ市,北勢町二之瀬,いなべ市 北勢町二之瀬,5110403,35.216420,136.540134,inabesi.zip,VERIFIED,PASSED_ALL_CHECKS
24214,いなべ市,北勢町畑毛,いなべ市 北勢町畑毛,5110413,35.181626,136.529008,inabesi.zip,VERIFIED,PASSED_ALL_CHECKS
24214,いなべ市,北勢町治田外面,いなべ市 北勢町治田外面,5110438,35.136401,136.524459,inabesi.zip,VERIFIED,PASSED_ALL_CHECKS
24214,いなべ市,北勢町東貝野,いなべ市 北勢町東貝野,5110415,35.178193,136.542587,inabesi.zip,VERIFIED,PASSED_ALL_CHECKS
24214,いなべ市,北勢町東村,いなべ市 北勢町東村,5110432,35.149441,136.531779,inabesi.zip,VERIFIED,PASSED_ALL_CHECKS
24214,いなべ市,北勢町平野新田,いなべ市 北勢町平野新田,5110423,35.159411,136.544315,inabesi.zip,VERIFIED,PASSED_ALL_CHECKS
24214,いなべ市,北勢町麓村,いなべ市 北勢町麓村,5110434,35.129622,136.509286,inabesi.zip,VERIFIED,PASSED_ALL_CHECKS
24214,いなべ市,北勢町別名,いなべ市 北勢町別名,5110431,35.148300,136.469501,inabesi.zip,VERIFIED,PASSED_ALL_CHECKS
24214,いなべ市,北勢町南中津原,いなべ市 北勢町南中津原,5110424,35.164812,136.566198,inabesi.zip,VERIFIED,PASSED_ALL_CHECKS
24214,いなべ市,北勢町向平,いなべ市 北勢町向平,5110412,35.175080,136.521881,inabesi.zip,VERIFIED,PASSED_ALL_CHECKS
24303,桑名郡木曽岬町,大字和泉,桑名郡木曽岬町 大字和泉,4980803,35.081179,136.741673,kuwanagun.zip,VERIFIED,PASSED_ALL_CHECKS
24303,桑名郡木曽岬町,大字近江島,桑名郡木曽岬町 大字近江島,4980808,35.079219,136.725664,kuwanagun.zip,VERIFIED,PASSED_ALL_CHECKS
24303,桑名郡木曽岬町,大字和富,桑名郡木曽岬町 大字和富,4980823,35.073032,136.751263,kuwanagun.zip,VERIFIED,PASSED_ALL_CHECKS
24303,桑名郡木曽岬町,大字加路戸,桑名郡木曽岬町 大字加路戸,4980801,35.092234,136.723570,kuwanagun.zip,VERIFIED,PASSED_ALL_CHECKS
24303,桑名郡木曽岬町,大字雁ヶ地,桑名郡木曽岬町 大字雁ヶ地,4980818,35.067912,136.729910,kuwanagun.zip,VERIFIED,PASSED_ALL_CHECKS
24303,桑名郡木曽岬町,大字見入,桑名郡木曽岬町 大字見入,4980802,35.091184,136.732613,kuwanagun.zip,VERIFIED,PASSED_ALL_CHECKS
24303,桑名郡木曽岬町,大字見入流作,桑名郡木曽岬町 大字見入流作,4980822,35.097186,136.729508,kuwanagun.zip,VERIFIED,PASSED_ALL_CHECKS
24303,桑名郡木曽岬町,大字源緑輪中,桑名郡木曽岬町 大字源緑輪中,4980816,35.055332,136.742089,kuwanagun.zip,VERIFIED,PASSED_ALL_CHECKS
24303,桑名郡木曽岬町,大字小和泉,桑名郡木曽岬町 大字小和泉,4980804,35.077638,136.736839,kuwanagun.zip,VERIFIED,PASSED_ALL_CHECKS
24303,桑名郡木曽岬町,大字小林,桑名郡木曽岬町 大字小林,4980805,35.079723,136.733328,kuwanagun.zip,VERIFIED,PASSED_ALL_CHECKS
24303,桑名郡木曽岬町,大字栄,桑名郡木曽岬町 大字栄,4980811,35.070323,136.739064,kuwanagun.zip,VERIFIED,PASSED_ALL_CHECKS
24303,桑名郡木曽岬町,大字新加路戸,桑名郡木曽岬町 大字新加路戸,4980821,35.094416,136.733414,kuwanagun.zip,VERIFIED,PASSED_ALL_CHECKS
24303,桑名郡木曽岬町,大字外平喜,桑名郡木曽岬町 大字外平喜,4980806,35.086484,136.729663,kuwanagun.zip,VERIFIED,PASSED_ALL_CHECKS
24303,桑名郡木曽岬町,大字田代,桑名郡木曽岬町 大字田代,4980819,35.072094,136.728418,kuwanagun.zip,VERIFIED,PASSED_ALL_CHECKS
24303,桑名郡木曽岬町,大字富田子,桑名郡木曽岬町 大字富田子,4980813,35.072043,136.749058,kuwanagun.zip,VERIFIED,PASSED_ALL_CHECKS
24303,桑名郡木曽岬町,大字中和泉,桑名郡木曽岬町 大字中和泉,4980812,35.073115,136.744845,kuwanagun.zip,VERIFIED,PASSED_ALL_CHECKS
24303,桑名郡木曽岬町,大字西対海地,桑名郡木曽岬町 大字西対海地,4980807,35.078349,136.729521,kuwanagun.zip,VERIFIED,PASSED_ALL_CHECKS
24303,桑名郡木曽岬町,大字白鷺,桑名郡木曽岬町 大字白鷺,4980815,35.062820,136.743466,kuwanagun.zip,VERIFIED,PASSED_ALL_CHECKS
24303,桑名郡木曽岬町,大字松永,桑名郡木曽岬町 大字松永,4980817,35.063919,136.737536,kuwanagun.zip,VERIFIED,PASSED_ALL_CHECKS
24303,桑名郡木曽岬町,大字三崎,桑名郡木曽岬町 大字三崎,4980814,35.064799,136.742445,kuwanagun.zip,VERIFIED,PASSED_ALL_CHECKS
24303,桑名郡木曽岬町,新輪一丁目,桑名郡木曽岬町 新輪一丁目,4980824,35.046414,136.750562,kuwanagun.zip,VERIFIED,PASSED_ALL_CHECKS
24303,桑名郡木曽岬町,新輪二丁目,桑名郡木曽岬町 新輪二丁目,4980824,35.027568,136.763386,kuwanagun.zip,VERIFIED,PASSED_ALL_CHECKS
24324,員弁郡東員町,大字穴太,員弁郡東員町 大字穴太,5110243,35.081892,136.603252,inabegun.zip,VERIFIED,PASSED_ALL_CHECKS
24324,員弁郡東員町,大字大木,員弁郡東員町 大字大木,5110244,35.103962,136.585970,inabegun.zip,VERIFIED,PASSED_ALL_CHECKS
24324,員弁郡東員町,大字北大社,員弁郡東員町 大字北大社,5110257,35.075109,136.577121,inabegun.zip,VERIFIED,PASSED_ALL_CHECKS
24324,員弁郡東員町,大字瀬古泉,員弁郡東員町 大字瀬古泉,5110252,35.067206,136.596293,inabegun.zip,VERIFIED,PASSED_ALL_CHECKS
24324,員弁郡東員町,大字筑紫,員弁郡東員町 大字筑紫,5110253,35.065784,136.607510,inabegun.zip,VERIFIED,PASSED_ALL_CHECKS
24324,員弁郡東員町,大字鳥取,員弁郡東員町 大字鳥取,5110241,35.091658,136.588129,inabegun.zip,VERIFIED,PASSED_ALL_CHECKS
24324,員弁郡東員町,大字中上,員弁郡東員町 大字中上,5110254,35.057238,136.597147,inabegun.zip,VERIFIED,PASSED_ALL_CHECKS
24324,員弁郡東員町,大字長深,員弁郡東員町 大字長深,5110255,35.059309,136.578508,inabegun.zip,VERIFIED,PASSED_ALL_CHECKS
24324,員弁郡東員町,大字八幡新田,員弁郡東員町 大字八幡新田,5110245,35.093465,136.579313,inabegun.zip,VERIFIED,PASSED_ALL_CHECKS
24324,員弁郡東員町,大字南大社,員弁郡東員町 大字南大社,5110256,35.072282,136.568788,inabegun.zip,VERIFIED,PASSED_ALL_CHECKS
24324,員弁郡東員町,大字山田,員弁郡東員町 大字山田,5110251,35.073624,136.585917,inabegun.zip,VERIFIED,PASSED_ALL_CHECKS
24324,員弁郡東員町,大字六把野新田,員弁郡東員町 大字六把野新田,5110242,35.082292,136.596370,inabegun.zip,VERIFIED,PASSED_ALL_CHECKS
24324,員弁郡東員町,笹尾西一丁目,員弁郡東員町 笹尾西一丁目,5110231,35.096546,136.592742,inabegun.zip,VERIFIED,PASSED_ALL_CHECKS
24324,員弁郡東員町,笹尾西二丁目,員弁郡東員町 笹尾西二丁目,5110231,35.100521,136.593750,inabegun.zip,VERIFIED,PASSED_ALL_CHECKS
24324,員弁郡東員町,笹尾西三丁目,員弁郡東員町 笹尾西三丁目,5110231,35.103969,136.595490,inabegun.zip,VERIFIED,PASSED_ALL_CHECKS
24324,員弁郡東員町,笹尾西四丁目,員弁郡東員町 笹尾西四丁目,5110231,35.105911,136.599353,inabegun.zip,VERIFIED,PASSED_ALL_CHECKS
24324,員弁郡東員町,笹尾東一丁目,員弁郡東員町 笹尾東一丁目,5110232,35.094020,136.597320,inabegun.zip,VERIFIED,PASSED_ALL_CHECKS
24324,員弁郡東員町,笹尾東二丁目,員弁郡東員町 笹尾東二丁目,5110232,35.097009,136.598481,inabegun.zip,VERIFIED,PASSED_ALL_CHECKS
24324,員弁郡東員町,笹尾東三丁目,員弁郡東員町 笹尾東三丁目,5110232,35.100129,136.599538,inabegun.zip,VERIFIED,PASSED_ALL_CHECKS
24324,員弁郡東員町,笹尾東四丁目,員弁郡東員町 笹尾東四丁目,5110232,35.102818,136.600724,inabegun.zip,VERIFIED,PASSED_ALL_CHECKS
24324,員弁郡東員町,城山一丁目,員弁郡東員町 城山一丁目,5110233,35.091211,136.603517,inabegun.zip,VERIFIED,PASSED_ALL_CHECKS
24324,員弁郡東員町,城山二丁目,員弁郡東員町 城山二丁目,5110233,35.097379,136.603212,inabegun.zip,VERIFIED,PASSED_ALL_CHECKS
24324,員弁郡東員町,城山三丁目,員弁郡東員町 城山三丁目,5110233,35.095146,136.605612,inabegun.zip,VERIFIED,PASSED_ALL_CHECKS
24341,三重郡菰野町,大字池底,三重郡菰野町 大字池底,5101221,35.033189,136.522905,miegun.komono.zip,VERIFIED,PASSED_ALL_CHECKS
24341,三重郡菰野町,大字潤田,三重郡菰野町 大字潤田,5101253,35.028158,136.516660,miegun.komono.zip,VERIFIED,PASSED_ALL_CHECKS
24341,三重郡菰野町,大字大強原,三重郡菰野町 大字大強原,5101222,35.028963,136.530668,miegun.komono.zip,VERIFIED,PASSED_ALL_CHECKS
24341,三重郡菰野町,大字小島,三重郡菰野町 大字小島,5101323,35.069084,136.527287,miegun.komono.zip,VERIFIED,PASSED_ALL_CHECKS
24341,三重郡菰野町,大字音羽,三重郡菰野町 大字音羽,5101252,35.026157,136.493616,miegun.komono.zip,VERIFIED,PASSED_ALL_CHECKS
24341,三重郡菰野町,大字神森,三重郡菰野町 大字神森,5101231,35.004243,136.539745,miegun.komono.zip,VERIFIED,PASSED_ALL_CHECKS
24341,三重郡菰野町,大字川北,三重郡菰野町 大字川北,5101224,35.030755,136.548688,miegun.komono.zip,VERIFIED,PASSED_ALL_CHECKS
24341,三重郡菰野町,大字切畑,三重郡菰野町 大字切畑,5101328,35.073816,136.476640,miegun.komono.zip,VERIFIED,PASSED_ALL_CHECKS
24341,三重郡菰野町,大字菰野,三重郡菰野町 大字菰野,5101233,35.008765,136.469361,miegun.komono.zip,VERIFIED,PASSED_ALL_CHECKS
24341,三重郡菰野町,大字榊,三重郡菰野町 大字榊,5101325,35.053712,136.504861,miegun.komono.zip,VERIFIED,PASSED_ALL_CHECKS
24341,三重郡菰野町,大字下村,三重郡菰野町 大字下村,5101225,35.020682,136.543774,miegun.komono.zip,VERIFIED,PASSED_ALL_CHECKS
24341,三重郡菰野町,大字宿野,三重郡菰野町 大字宿野,5101232,35.003136,136.525030,miegun.komono.zip,VERIFIED,PASSED_ALL_CHECKS
24341,三重郡菰野町,大字杉谷,三重郡菰野町 大字杉谷,5101326,35.058858,136.496896,miegun.komono.zip,VERIFIED,PASSED_ALL_CHECKS
24341,三重郡菰野町,大字諏訪,三重郡菰野町 大字諏訪,5101223,35.032517,136.538034,miegun.komono.zip,VERIFIED,PASSED_ALL_CHECKS
24341,三重郡菰野町,大字田口,三重郡菰野町 大字田口,5101321,35.083646,136.486245,miegun.komono.zip,VERIFIED,PASSED_ALL_CHECKS
24341,三重郡菰野町,大字田口新田,三重郡菰野町 大字田口新田,5101322,35.083559,136.519073,miegun.komono.zip,VERIFIED,PASSED_ALL_CHECKS
24341,三重郡菰野町,大字竹成,三重郡菰野町 大字竹成,5101312,35.047501,136.514606,miegun.komono.zip,VERIFIED,PASSED_ALL_CHECKS
24341,三重郡菰野町,大字田光,三重郡菰野町 大字田光,5101324,35.074415,136.499386,miegun.komono.zip,VERIFIED,PASSED_ALL_CHECKS
24341,三重郡菰野町,大字千草,三重郡菰野町 大字千草,5101251,35.038931,136.465665,miegun.komono.zip,VERIFIED,PASSED_ALL_CHECKS
24341,三重郡菰野町,大字永井,三重郡菰野町 大字永井,5101311,35.051455,136.530574,miegun.komono.zip,VERIFIED,PASSED_ALL_CHECKS
24341,三重郡菰野町,大字根の平,三重郡菰野町 大字根の平,5101327,35.058843,136.483023,miegun.komono.zip,VERIFIED,PASSED_ALL_CHECKS
24341,三重郡菰野町,大字福村,三重郡菰野町 大字福村,5101234,35.012450,136.523633,miegun.komono.zip,VERIFIED,PASSED_ALL_CHECKS
24341,三重郡菰野町,大字吉澤,三重郡菰野町 大字吉澤,5101226,35.016125,136.528500,miegun.komono.zip,VERIFIED,PASSED_ALL_CHECKS
24341,三重郡菰野町,大羽根園青葉町,三重郡菰野町 大羽根園青葉町,5101246,35.014907,136.488730,miegun.komono.zip,VERIFIED,PASSED_ALL_CHECKS
24341,三重郡菰野町,大羽根園呉竹町,三重郡菰野町 大羽根園呉竹町,5101243,35.014777,136.496492,miegun.komono.zip,VERIFIED,PASSED_ALL_CHECKS
24341,三重郡菰野町,大羽根園柴垣町,三重郡菰野町 大羽根園柴垣町,5101242,35.016595,136.498295,miegun.komono.zip,VERIFIED,PASSED_ALL_CHECKS
24341,三重郡菰野町,大羽根園新林町,三重郡菰野町 大羽根園新林町,5101241,35.017576,136.493740,miegun.komono.zip,VERIFIED,PASSED_ALL_CHECKS
24341,三重郡菰野町,大羽根園並木通り,三重郡菰野町 大羽根園並木通り,5101244,35.015749,136.494249,miegun.komono.zip,VERIFIED,PASSED_ALL_CHECKS
24341,三重郡菰野町,大羽根園松ケ枝町,三重郡菰野町 大羽根園松ケ枝町,5101245,35.014151,136.491397,miegun.komono.zip,VERIFIED,PASSED_ALL_CHECKS
24341,三重郡菰野町,初若の郷,三重郡菰野町 初若の郷,5101236,35.011594,136.502286,miegun.komono.zip,VERIFIED,PASSED_ALL_CHECKS
24341,三重郡菰野町,宝永台,三重郡菰野町 宝永台,5101235,35.013866,136.512749,miegun.komono.zip,VERIFIED,PASSED_ALL_CHECKS
24343,三重郡朝日町,大字埋縄,三重郡朝日町 大字埋縄,5108104,35.035443,136.645787,miegun.asahi.zip,VERIFIED,PASSED_ALL_CHECKS
24343,三重郡朝日町,大字小向,三重郡朝日町 大字小向,5108102,35.034806,136.668153,miegun.asahi.zip,VERIFIED,PASSED_ALL_CHECKS
24343,三重郡朝日町,大字柿,三重郡朝日町 大字柿,5108103,35.033941,136.657153,miegun.asahi.zip,VERIFIED,PASSED_ALL_CHECKS
24343,三重郡朝日町,大字縄生,三重郡朝日町 大字縄生,5108101,35.039087,136.675224,miegun.asahi.zip,VERIFIED,PASSED_ALL_CHECKS
24343,三重郡朝日町,向陽台一丁目,三重郡朝日町 向陽台一丁目,5108105,35.038714,136.656085,miegun.asahi.zip,VERIFIED,PASSED_ALL_CHECKS
24343,三重郡朝日町,向陽台二丁目,三重郡朝日町 向陽台二丁目,5108105,35.037106,136.654657,miegun.asahi.zip,VERIFIED,PASSED_ALL_CHECKS
24343,三重郡朝日町,向陽台三丁目,三重郡朝日町 向陽台三丁目,5108105,35.035356,136.656368,miegun.asahi.zip,VERIFIED,PASSED_ALL_CHECKS
24343,三重郡朝日町,白梅の丘西一丁目,三重郡朝日町 白梅の丘西一丁目,5108107,35.041148,136.657029,miegun.asahi.zip,VERIFIED,PASSED_ALL_CHECKS
24343,三重郡朝日町,白梅の丘西二丁目,三重郡朝日町 白梅の丘西二丁目,5108107,35.039611,136.658610,miegun.asahi.zip,VERIFIED,PASSED_ALL_CHECKS
24343,三重郡朝日町,白梅の丘東一丁目,三重郡朝日町 白梅の丘東一丁目,5108106,35.040615,136.662722,miegun.asahi.zip,VERIFIED,PASSED_ALL_CHECKS
24343,三重郡朝日町,白梅の丘東二丁目,三重郡朝日町 白梅の丘東二丁目,5108106,35.038292,136.660223,miegun.asahi.zip,VERIFIED,PASSED_ALL_CHECKS
24344,三重郡川越町,大字亀尾新田,三重郡川越町 大字亀尾新田,5108113,35.028618,136.692969,miegun.kawagoe.zip,WARNING,WARNING_WATER_AREA (Ibi River (揖斐川))
24344,三重郡川越町,大字亀崎新田,三重郡川越町 大字亀崎新田,5108114,35.015756,136.691520,miegun.kawagoe.zip,VERIFIED,PASSED_ALL_CHECKS
24344,三重郡川越町,大字亀須新田,三重郡川越町 大字亀須新田,5108112,35.029413,136.689700,miegun.kawagoe.zip,VERIFIED,PASSED_ALL_CHECKS
24344,三重郡川越町,大字北福崎,三重郡川越町 大字北福崎,5108125,35.028868,136.677625,miegun.kawagoe.zip,VERIFIED,PASSED_ALL_CHECKS
24344,三重郡川越町,大字高松,三重郡川越町 大字高松,5108121,35.015206,136.675512,miegun.kawagoe.zip,VERIFIED,PASSED_ALL_CHECKS
24344,三重郡川越町,大字当新田,三重郡川越町 大字当新田,5108111,35.031949,136.681044,miegun.kawagoe.zip,VERIFIED,PASSED_ALL_CHECKS
24344,三重郡川越町,大字豊田,三重郡川越町 大字豊田,5108122,35.020950,136.661191,miegun.kawagoe.zip,VERIFIED,PASSED_ALL_CHECKS
24344,三重郡川越町,大字豊田一色,三重郡川越町 大字豊田一色,5108123,35.024138,136.671095,miegun.kawagoe.zip,VERIFIED,PASSED_ALL_CHECKS
24344,三重郡川越町,大字縄生,三重郡川越町 大字縄生,,35.034731,136.678621,miegun.kawagoe.zip,VERIFIED,PASSED_ALL_CHECKS
24344,三重郡川越町,大字南福崎,三重郡川越町 大字南福崎,5108124,35.021088,136.679139,miegun.kawagoe.zip,VERIFIED,PASSED_ALL_CHECKS
